pdt,order,value_date,underlying_id,vol_id,op_id,call_put_id,tau,strike,settle_vol
C,1,2017-01-01,C  K7,C  K7.K7,K7,C,0.3013698630136986,170,0.0
C,1,2017-01-01,C  K7,C  K7.K7,K7,P,0.3013698630136986,170,0.532375453
C,1,2017-01-01,C  K7,C  K7.K7,K7,C,0.3013698630136986,180,0.0
C,1,2017-01-01,C  K7,C  K7.K7,K7,P,0.3013698630136986,180,0.49420563700000003
C,1,2017-01-01,C  K7,C  K7.K7,K7,C,0.3013698630136986,190,0.0
C,1,2017-01-01,C  K7,C  K7.K7,K7,P,0.3013698630136986,190,0.45804634
C,1,2017-01-01,C  K7,C  K7.K7,K7,C,0.3013698630136986,200,0.0
C,1,2017-01-01,C  K7,C  K7.K7,K7,P,0.3013698630136986,200,0.42366980299999996
C,1,2017-01-01,C  K7,C  K7.K7,K7,C,0.3013698630136986,210,0.0
C,1,2017-01-01,C  K7,C  K7.K7,K7,P,0.3013698630136986,210,0.390883904
C,1,2017-01-01,C  K7,C  K7.K7,K7,C,0.3013698630136986,220,0.0
C,1,2017-01-01,C  K7,C  K7.K7,K7,P,0.3013698630136986,220,0.35951951200000004
C,1,2017-01-01,C  K7,C  K7.K7,K7,C,0.3013698630136986,230,0.0
C,1,2017-01-01,C  K7,C  K7.K7,K7,P,0.3013698630136986,230,0.329431301
C,1,2017-01-01,C  K7,C  K7.K7,K7,C,0.3013698630136986,240,0.0
C,1,2017-01-01,C  K7,C  K7.K7,K7,P,0.3013698630136986,240,0.300487352
C,1,2017-01-01,C  K7,C  K7.K7,K7,C,0.3013698630136986,250,0.0
C,1,2017-01-01,C  K7,C  K7.K7,K7,P,0.3013698630136986,250,0.272570934
C,1,2017-01-01,C  K7,C  K7.K7,K7,C,0.3013698630136986,260,0.0
C,1,2017-01-01,C  K7,C  K7.K7,K7,P,0.3013698630136986,260,0.245573999
C,1,2017-01-01,C  K7,C  K7.K7,K7,C,0.3013698630136986,270,0.0
C,1,2017-01-01,C  K7,C  K7.K7,K7,P,0.3013698630136986,270,0.219395786
C,1,2017-01-01,C  K7,C  K7.K7,K7,C,0.3013698630136986,280,0.19393947399999997
C,1,2017-01-01,C  K7,C  K7.K7,K7,P,0.3013698630136986,280,0.213525135
C,1,2017-01-01,C  K7,C  K7.K7,K7,C,0.3013698630136986,290,0.199171168
C,1,2017-01-01,C  K7,C  K7.K7,K7,P,0.3013698630136986,290,0.209300915
C,1,2017-01-01,C  K7,C  K7.K7,K7,C,0.3013698630136986,300,0.20170575100000002
C,1,2017-01-01,C  K7,C  K7.K7,K7,P,0.3013698630136986,300,0.20760752100000002
C,1,2017-01-01,C  K7,C  K7.K7,K7,C,0.3013698630136986,310,0.198625312
C,1,2017-01-01,C  K7,C  K7.K7,K7,P,0.3013698630136986,310,0.202594207
C,1,2017-01-01,C  K7,C  K7.K7,K7,C,0.3013698630136986,320,0.199171935
C,1,2017-01-01,C  K7,C  K7.K7,K7,P,0.3013698630136986,320,0.201976374
C,1,2017-01-01,C  K7,C  K7.K7,K7,C,0.3013698630136986,330,0.19784335399999997
C,1,2017-01-01,C  K7,C  K7.K7,K7,P,0.3013698630136986,330,0.200018793
C,1,2017-01-01,C  K7,C  K7.K7,K7,C,0.3013698630136986,340,0.2024105
C,1,2017-01-01,C  K7,C  K7.K7,K7,P,0.3013698630136986,340,0.2024105
C,1,2017-01-01,C  K7,C  K7.K7,K7,C,0.3013698630136986,350,0.20461345
C,1,2017-01-01,C  K7,C  K7.K7,K7,P,0.3013698630136986,350,0.20461345
C,1,2017-01-01,C  K7,C  K7.K7,K7,C,0.3013698630136986,360,0.20654551899999998
C,1,2017-01-01,C  K7,C  K7.K7,K7,P,0.3013698630136986,360,0.20654551899999998
C,1,2017-01-01,C  K7,C  K7.K7,K7,C,0.3013698630136986,370,0.208923048
C,1,2017-01-01,C  K7,C  K7.K7,K7,P,0.3013698630136986,370,0.208923048
C,1,2017-01-01,C  K7,C  K7.K7,K7,C,0.3013698630136986,380,0.213302143
C,1,2017-01-01,C  K7,C  K7.K7,K7,P,0.3013698630136986,380,0.213302143
C,1,2017-01-01,C  K7,C  K7.K7,K7,C,0.3013698630136986,390,0.21854083600000002
C,1,2017-01-01,C  K7,C  K7.K7,K7,P,0.3013698630136986,390,0.21654378
C,1,2017-01-01,C  K7,C  K7.K7,K7,C,0.3013698630136986,400,0.223067407
C,1,2017-01-01,C  K7,C  K7.K7,K7,P,0.3013698630136986,400,0.220754224
C,1,2017-01-01,C  K7,C  K7.K7,K7,C,0.3013698630136986,410,0.229227063
C,1,2017-01-01,C  K7,C  K7.K7,K7,P,0.3013698630136986,410,0.226505526
C,1,2017-01-01,C  K7,C  K7.K7,K7,C,0.3013698630136986,420,0.234199703
C,1,2017-01-01,C  K7,C  K7.K7,K7,P,0.3013698630136986,420,0.230926484
C,1,2017-01-01,C  K7,C  K7.K7,K7,C,0.3013698630136986,430,0.243528804
C,1,2017-01-01,C  K7,C  K7.K7,K7,P,0.3013698630136986,430,0.239684586
C,1,2017-01-01,C  K7,C  K7.K7,K7,C,0.3013698630136986,440,0.24831466600000002
C,1,2017-01-01,C  K7,C  K7.K7,K7,P,0.3013698630136986,440,0.24360942300000002
C,1,2017-01-01,C  K7,C  K7.K7,K7,C,0.3013698630136986,450,0.258295573
C,1,2017-01-01,C  K7,C  K7.K7,K7,P,0.3013698630136986,450,0.24699666399999998
C,1,2017-01-01,C  K7,C  K7.K7,K7,C,0.3013698630136986,460,0.265330719
C,1,2017-01-01,C  K7,C  K7.K7,K7,P,0.3013698630136986,460,0.251659354
C,1,2017-01-01,C  K7,C  K7.K7,K7,C,0.3013698630136986,470,0.276170776
C,1,2017-01-01,C  K7,C  K7.K7,K7,P,0.3013698630136986,470,0.260506267
C,1,2017-01-01,C  K7,C  K7.K7,K7,C,0.3013698630136986,480,0.28523191800000003
C,1,2017-01-01,C  K7,C  K7.K7,K7,P,0.3013698630136986,480,0.266956749
C,1,2017-01-01,C  K7,C  K7.K7,K7,C,0.3013698630136986,490,0.292310854
C,1,2017-01-01,C  K7,C  K7.K7,K7,P,0.3013698630136986,490,0.270366131
C,1,2017-01-01,C  K7,C  K7.K7,K7,C,0.3013698630136986,500,0.29703081600000003
C,1,2017-01-01,C  K7,C  K7.K7,K7,P,0.3013698630136986,500,0.269325379
C,1,2017-01-01,C  K7,C  K7.K7,K7,C,0.3013698630136986,510,0.311414812
C,1,2017-01-01,C  K7,C  K7.K7,K7,P,0.3013698630136986,510,0.282730414
C,1,2017-01-01,C  K7,C  K7.K7,K7,C,0.3013698630136986,520,0.312265422
C,1,2017-01-01,C  K7,C  K7.K7,K7,P,0.3013698630136986,520,0.271985682
C,1,2017-01-01,C  K7,C  K7.K7,K7,C,0.3013698630136986,530,0.325481382
C,1,2017-01-01,C  K7,C  K7.K7,K7,P,0.3013698630136986,530,0.283914562
C,1,2017-01-01,C  K7,C  K7.K7,K7,C,0.3013698630136986,540,0.338357943
C,1,2017-01-01,C  K7,C  K7.K7,K7,P,0.3013698630136986,540,0.295549047
C,1,2017-01-01,C  K7,C  K7.K7,K7,C,0.3013698630136986,550,0.350913631
C,1,2017-01-01,C  K7,C  K7.K7,K7,P,0.3013698630136986,550,0.306904667
C,1,2017-01-01,C  K7,C  K7.K7,K7,C,0.3013698630136986,560,0.344730975
C,1,2017-01-01,C  K7,C  K7.K7,K7,P,0.3013698630136986,560,0.0
C,1,2017-01-01,C  K7,C  K7.K7,K7,C,0.3013698630136986,570,0.356246405
C,1,2017-01-01,C  K7,C  K7.K7,K7,P,0.3013698630136986,570,0.0
C,1,2017-01-01,C  K7,C  K7.K7,K7,C,0.3013698630136986,580,0.367501444
C,1,2017-01-01,C  K7,C  K7.K7,K7,P,0.3013698630136986,580,0.0
C,1,2017-01-01,C  K7,C  K7.K7,K7,C,0.3013698630136986,590,0.37850741600000004
C,1,2017-01-01,C  K7,C  K7.K7,K7,P,0.3013698630136986,590,0.0
C,1,2017-01-01,C  K7,C  K7.K7,K7,C,0.3013698630136986,600,0.389275628
C,1,2017-01-01,C  K7,C  K7.K7,K7,P,0.3013698630136986,600,0.0
C,1,2017-01-01,C  K7,C  K7.K7,K7,C,0.3013698630136986,610,0.399816633
C,1,2017-01-01,C  K7,C  K7.K7,K7,P,0.3013698630136986,610,0.0
C,1,2017-01-01,C  K7,C  K7.K7,K7,C,0.3013698630136986,620,0.41013837200000003
C,1,2017-01-01,C  K7,C  K7.K7,K7,P,0.3013698630136986,620,0.0
C,1,2017-01-01,C  K7,C  K7.K7,K7,C,0.3013698630136986,630,0.42025353200000004
C,1,2017-01-01,C  K7,C  K7.K7,K7,P,0.3013698630136986,630,0.0
C,1,2017-01-01,C  K7,C  K7.K7,K7,C,0.3013698630136986,640,0.39852072200000005
C,1,2017-01-01,C  K7,C  K7.K7,K7,P,0.3013698630136986,640,0.0
C,1,2017-01-01,C  K7,C  K7.K7,K7,C,0.3013698630136986,650,0.4076998
C,1,2017-01-01,C  K7,C  K7.K7,K7,P,0.3013698630136986,650,0.0
C,1,2017-01-01,C  K7,C  K7.K7,K7,C,0.3013698630136986,660,0.41670754299999996
C,1,2017-01-01,C  K7,C  K7.K7,K7,P,0.3013698630136986,660,0.0
C,1,2017-01-01,C  K7,C  K7.K7,K7,C,0.3013698630136986,670,0.425549167
C,1,2017-01-01,C  K7,C  K7.K7,K7,P,0.3013698630136986,670,0.0
C,1,2017-01-02,C  K7,C  K7.K7,K7,C,0.29863013698630136,170,0.0
C,1,2017-01-02,C  K7,C  K7.K7,K7,P,0.29863013698630136,170,0.534811967
C,1,2017-01-02,C  K7,C  K7.K7,K7,C,0.29863013698630136,180,0.0
C,1,2017-01-02,C  K7,C  K7.K7,K7,P,0.29863013698630136,180,0.496467754
C,1,2017-01-02,C  K7,C  K7.K7,K7,C,0.29863013698630136,190,0.0
C,1,2017-01-02,C  K7,C  K7.K7,K7,P,0.29863013698630136,190,0.46014267700000006
C,1,2017-01-02,C  K7,C  K7.K7,K7,C,0.29863013698630136,200,0.0
C,1,2017-01-02,C  K7,C  K7.K7,K7,P,0.29863013698630136,200,0.425608802
C,1,2017-01-02,C  K7,C  K7.K7,K7,C,0.29863013698630136,210,0.0
C,1,2017-01-02,C  K7,C  K7.K7,K7,P,0.29863013698630136,210,0.392672972
C,1,2017-01-02,C  K7,C  K7.K7,K7,C,0.29863013698630136,220,0.0
C,1,2017-01-02,C  K7,C  K7.K7,K7,P,0.29863013698630136,220,0.361164919
C,1,2017-01-02,C  K7,C  K7.K7,K7,C,0.29863013698630136,230,0.0
C,1,2017-01-02,C  K7,C  K7.K7,K7,P,0.29863013698630136,230,0.330938775
C,1,2017-01-02,C  K7,C  K7.K7,K7,C,0.29863013698630136,240,0.0
C,1,2017-01-02,C  K7,C  K7.K7,K7,P,0.29863013698630136,240,0.301862587
C,1,2017-01-02,C  K7,C  K7.K7,K7,C,0.29863013698630136,250,0.0
C,1,2017-01-02,C  K7,C  K7.K7,K7,P,0.29863013698630136,250,0.27381799
C,1,2017-01-02,C  K7,C  K7.K7,K7,C,0.29863013698630136,260,0.0
C,1,2017-01-02,C  K7,C  K7.K7,K7,P,0.29863013698630136,260,0.246698012
C,1,2017-01-02,C  K7,C  K7.K7,K7,C,0.29863013698630136,270,0.0
C,1,2017-01-02,C  K7,C  K7.K7,K7,P,0.29863013698630136,270,0.220399893
C,1,2017-01-02,C  K7,C  K7.K7,K7,C,0.29863013698630136,280,0.194826737
C,1,2017-01-02,C  K7,C  K7.K7,K7,P,0.29863013698630136,280,0.214502348
C,1,2017-01-02,C  K7,C  K7.K7,K7,C,0.29863013698630136,290,0.20008271600000002
C,1,2017-01-02,C  K7,C  K7.K7,K7,P,0.29863013698630136,290,0.210258828
C,1,2017-01-02,C  K7,C  K7.K7,K7,C,0.29863013698630136,300,0.202628798
C,1,2017-01-02,C  K7,C  K7.K7,K7,P,0.29863013698630136,300,0.20855767100000003
C,1,2017-01-02,C  K7,C  K7.K7,K7,C,0.29863013698630136,310,0.199534358
C,1,2017-01-02,C  K7,C  K7.K7,K7,P,0.29863013698630136,310,0.203521383
C,1,2017-01-02,C  K7,C  K7.K7,K7,C,0.29863013698630136,320,0.200083476
C,1,2017-01-02,C  K7,C  K7.K7,K7,P,0.29863013698630136,320,0.20290075300000002
C,1,2017-01-02,C  K7,C  K7.K7,K7,C,0.29863013698630136,330,0.19874867899999998
C,1,2017-01-02,C  K7,C  K7.K7,K7,P,0.29863013698630136,330,0.200934127
C,1,2017-01-02,C  K7,C  K7.K7,K7,C,0.29863013698630136,340,0.203338792
C,1,2017-01-02,C  K7,C  K7.K7,K7,P,0.29863013698630136,340,0.203338792
C,1,2017-01-02,C  K7,C  K7.K7,K7,C,0.29863013698630136,350,0.205549898
C,1,2017-01-02,C  K7,C  K7.K7,K7,P,0.29863013698630136,350,0.205549898
C,1,2017-01-02,C  K7,C  K7.K7,K7,C,0.29863013698630136,360,0.207490812
C,1,2017-01-02,C  K7,C  K7.K7,K7,P,0.29863013698630136,360,0.207490812
C,1,2017-01-02,C  K7,C  K7.K7,K7,C,0.29863013698630136,370,0.20987919600000002
C,1,2017-01-02,C  K7,C  K7.K7,K7,P,0.29863013698630136,370,0.20987919600000002
C,1,2017-01-02,C  K7,C  K7.K7,K7,C,0.29863013698630136,380,0.21427833300000002
C,1,2017-01-02,C  K7,C  K7.K7,K7,P,0.29863013698630136,380,0.21427833300000002
C,1,2017-01-02,C  K7,C  K7.K7,K7,C,0.29863013698630136,390,0.21954095399999998
C,1,2017-01-02,C  K7,C  K7.K7,K7,P,0.29863013698630136,390,0.21753672899999998
C,1,2017-01-02,C  K7,C  K7.K7,K7,C,0.29863013698630136,400,0.22408831699999998
C,1,2017-01-02,C  K7,C  K7.K7,K7,P,0.29863013698630136,400,0.22176455
C,1,2017-01-02,C  K7,C  K7.K7,K7,C,0.29863013698630136,410,0.230276163
C,1,2017-01-02,C  K7,C  K7.K7,K7,P,0.29863013698630136,410,0.22754217
C,1,2017-01-02,C  K7,C  K7.K7,K7,C,0.29863013698630136,420,0.235271628
C,1,2017-01-02,C  K7,C  K7.K7,K7,P,0.29863013698630136,420,0.231983358
C,1,2017-01-02,C  K7,C  K7.K7,K7,C,0.29863013698630136,430,0.244643255
C,1,2017-01-02,C  K7,C  K7.K7,K7,P,0.29863013698630136,430,0.24078154699999998
C,1,2017-01-02,C  K7,C  K7.K7,K7,C,0.29863013698630136,440,0.249451124
C,1,2017-01-02,C  K7,C  K7.K7,K7,P,0.29863013698630136,440,0.244724346
C,1,2017-01-02,C  K7,C  K7.K7,K7,C,0.29863013698630136,450,0.25947789600000004
C,1,2017-01-02,C  K7,C  K7.K7,K7,P,0.29863013698630136,450,0.24812733899999997
C,1,2017-01-02,C  K7,C  K7.K7,K7,C,0.29863013698630136,460,0.266545065
C,1,2017-01-02,C  K7,C  K7.K7,K7,P,0.29863013698630136,460,0.25281124899999996
C,1,2017-01-02,C  K7,C  K7.K7,K7,C,0.29863013698630136,470,0.277434747
C,1,2017-01-02,C  K7,C  K7.K7,K7,P,0.29863013698630136,470,0.261698285
C,1,2017-01-02,C  K7,C  K7.K7,K7,C,0.29863013698630136,480,0.28653727100000004
C,1,2017-01-02,C  K7,C  K7.K7,K7,P,0.29863013698630136,480,0.268178531
C,1,2017-01-02,C  K7,C  K7.K7,K7,C,0.29863013698630136,490,0.293648669
C,1,2017-01-02,C  K7,C  K7.K7,K7,P,0.29863013698630136,490,0.271603535
C,1,2017-01-02,C  K7,C  K7.K7,K7,C,0.29863013698630136,500,0.298389974
C,1,2017-01-02,C  K7,C  K7.K7,K7,P,0.29863013698630136,500,0.270558002
C,1,2017-01-02,C  K7,C  K7.K7,K7,C,0.29863013698630136,510,0.312840036
C,1,2017-01-02,C  K7,C  K7.K7,K7,P,0.29863013698630136,510,0.284024377
C,1,2017-01-02,C  K7,C  K7.K7,K7,C,0.29863013698630136,520,0.313694557
C,1,2017-01-02,C  K7,C  K7.K7,K7,P,0.29863013698630136,520,0.273230475
C,1,2017-01-02,C  K7,C  K7.K7,K7,C,0.29863013698630136,530,0.32697103
C,1,2017-01-02,C  K7,C  K7.K7,K7,P,0.29863013698630136,530,0.285213954
C,1,2017-01-02,C  K7,C  K7.K7,K7,C,0.29863013698630136,540,0.339906549
C,1,2017-01-02,C  K7,C  K7.K7,K7,P,0.29863013698630136,540,0.296901672
C,1,2017-01-02,C  K7,C  K7.K7,K7,C,0.29863013698630136,550,0.35251964700000005
C,1,2017-01-02,C  K7,C  K7.K7,K7,P,0.29863013698630136,550,0.308308394
C,1,2017-01-02,C  K7,C  K7.K7,K7,C,0.29863013698630136,560,0.34630809799999995
C,1,2017-01-02,C  K7,C  K7.K7,K7,P,0.29863013698630136,560,0.0
C,1,2017-01-02,C  K7,C  K7.K7,K7,C,0.29863013698630136,570,0.35787674399999997
C,1,2017-01-02,C  K7,C  K7.K7,K7,P,0.29863013698630136,570,0.0
C,1,2017-01-02,C  K7,C  K7.K7,K7,C,0.29863013698630136,580,0.36918338100000003
C,1,2017-01-02,C  K7,C  K7.K7,K7,P,0.29863013698630136,580,0.0
C,1,2017-01-02,C  K7,C  K7.K7,K7,C,0.29863013698630136,590,0.38023972799999994
C,1,2017-01-02,C  K7,C  K7.K7,K7,P,0.29863013698630136,590,0.0
C,1,2017-01-02,C  K7,C  K7.K7,K7,C,0.29863013698630136,600,0.391057238
C,1,2017-01-02,C  K7,C  K7.K7,K7,P,0.29863013698630136,600,0.0
C,1,2017-01-02,C  K7,C  K7.K7,K7,C,0.29863013698630136,610,0.401646535
C,1,2017-01-02,C  K7,C  K7.K7,K7,P,0.29863013698630136,610,0.0
C,1,2017-01-02,C  K7,C  K7.K7,K7,C,0.29863013698630136,620,0.412015599
C,1,2017-01-02,C  K7,C  K7.K7,K7,P,0.29863013698630136,620,0.0
C,1,2017-01-02,C  K7,C  K7.K7,K7,C,0.29863013698630136,630,0.42217689799999997
C,1,2017-01-02,C  K7,C  K7.K7,K7,P,0.29863013698630136,630,0.0
C,1,2017-01-02,C  K7,C  K7.K7,K7,C,0.29863013698630136,640,0.400344625
C,1,2017-01-02,C  K7,C  K7.K7,K7,P,0.29863013698630136,640,0.0
C,1,2017-01-02,C  K7,C  K7.K7,K7,C,0.29863013698630136,650,0.40956575799999995
C,1,2017-01-02,C  K7,C  K7.K7,K7,P,0.29863013698630136,650,0.0
C,1,2017-01-02,C  K7,C  K7.K7,K7,C,0.29863013698630136,660,0.418614692
C,1,2017-01-02,C  K7,C  K7.K7,K7,P,0.29863013698630136,660,0.0
C,1,2017-01-02,C  K7,C  K7.K7,K7,C,0.29863013698630136,670,0.427498362
C,1,2017-01-02,C  K7,C  K7.K7,K7,P,0.29863013698630136,670,0.0
C,2,2017-01-01,C  N7,C  N7.N7,N7,C,0.473972602739726,170,0.0
C,2,2017-01-01,C  N7,C  N7.N7,N7,P,0.473972602739726,170,0.433563517
C,2,2017-01-01,C  N7,C  N7.N7,N7,C,0.473972602739726,180,0.0
C,2,2017-01-01,C  N7,C  N7.N7,N7,P,0.473972602739726,180,0.403195994
C,2,2017-01-01,C  N7,C  N7.N7,N7,C,0.473972602739726,190,0.0
C,2,2017-01-01,C  N7,C  N7.N7,N7,P,0.473972602739726,190,0.374432815
C,2,2017-01-01,C  N7,C  N7.N7,N7,C,0.473972602739726,200,0.0
C,2,2017-01-01,C  N7,C  N7.N7,N7,P,0.473972602739726,200,0.34709456200000005
C,2,2017-01-01,C  N7,C  N7.N7,N7,C,0.473972602739726,210,0.0
C,2,2017-01-01,C  N7,C  N7.N7,N7,P,0.473972602739726,210,0.321027528
C,2,2017-01-01,C  N7,C  N7.N7,N7,C,0.473972602739726,220,0.0
C,2,2017-01-01,C  N7,C  N7.N7,N7,P,0.473972602739726,220,0.29610007
C,2,2017-01-01,C  N7,C  N7.N7,N7,C,0.473972602739726,230,0.0
C,2,2017-01-01,C  N7,C  N7.N7,N7,P,0.473972602739726,230,0.272194294
C,2,2017-01-01,C  N7,C  N7.N7,N7,C,0.473972602739726,240,0.0
C,2,2017-01-01,C  N7,C  N7.N7,N7,P,0.473972602739726,240,0.249208703
C,2,2017-01-01,C  N7,C  N7.N7,N7,C,0.473972602739726,250,0.0
C,2,2017-01-01,C  N7,C  N7.N7,N7,P,0.473972602739726,250,0.248287801
C,2,2017-01-01,C  N7,C  N7.N7,N7,C,0.473972602739726,260,0.205631027
C,2,2017-01-01,C  N7,C  N7.N7,N7,P,0.473972602739726,260,0.238944388
C,2,2017-01-01,C  N7,C  N7.N7,N7,C,0.473972602739726,270,0.202830051
C,2,2017-01-01,C  N7,C  N7.N7,N7,P,0.473972602739726,270,0.225631235
C,2,2017-01-01,C  N7,C  N7.N7,N7,C,0.473972602739726,280,0.20992402
C,2,2017-01-01,C  N7,C  N7.N7,N7,P,0.473972602739726,280,0.223452187
C,2,2017-01-01,C  N7,C  N7.N7,N7,C,0.473972602739726,290,0.208973667
C,2,2017-01-01,C  N7,C  N7.N7,N7,P,0.473972602739726,290,0.218308273
C,2,2017-01-01,C  N7,C  N7.N7,N7,C,0.473972602739726,300,0.206999822
C,2,2017-01-01,C  N7,C  N7.N7,N7,P,0.473972602739726,300,0.21377474
C,2,2017-01-01,C  N7,C  N7.N7,N7,C,0.473972602739726,310,0.20791176100000003
C,2,2017-01-01,C  N7,C  N7.N7,N7,P,0.473972602739726,310,0.212958923
C,2,2017-01-01,C  N7,C  N7.N7,N7,C,0.473972602739726,320,0.21219509
C,2,2017-01-01,C  N7,C  N7.N7,N7,P,0.473972602739726,320,0.21416812300000002
C,2,2017-01-01,C  N7,C  N7.N7,N7,C,0.473972602739726,330,0.213520348
C,2,2017-01-01,C  N7,C  N7.N7,N7,P,0.473972602739726,330,0.215167219
C,2,2017-01-01,C  N7,C  N7.N7,N7,C,0.473972602739726,340,0.218120588
C,2,2017-01-01,C  N7,C  N7.N7,N7,P,0.473972602739726,340,0.21956045899999999
C,2,2017-01-01,C  N7,C  N7.N7,N7,C,0.473972602739726,350,0.223430899
C,2,2017-01-01,C  N7,C  N7.N7,N7,P,0.473972602739726,350,0.223430899
C,2,2017-01-01,C  N7,C  N7.N7,N7,C,0.473972602739726,360,0.227073457
C,2,2017-01-01,C  N7,C  N7.N7,N7,P,0.473972602739726,360,0.227073457
C,2,2017-01-01,C  N7,C  N7.N7,N7,C,0.473972602739726,370,0.230946805
C,2,2017-01-01,C  N7,C  N7.N7,N7,P,0.473972602739726,370,0.230946805
C,2,2017-01-01,C  N7,C  N7.N7,N7,C,0.473972602739726,380,0.234422405
C,2,2017-01-01,C  N7,C  N7.N7,N7,P,0.473972602739726,380,0.23315195
C,2,2017-01-01,C  N7,C  N7.N7,N7,C,0.473972602739726,390,0.23823520000000004
C,2,2017-01-01,C  N7,C  N7.N7,N7,P,0.473972602739726,390,0.236913235
C,2,2017-01-01,C  N7,C  N7.N7,N7,C,0.473972602739726,400,0.241888097
C,2,2017-01-01,C  N7,C  N7.N7,N7,P,0.473972602739726,400,0.240485523
C,2,2017-01-01,C  N7,C  N7.N7,N7,C,0.473972602739726,410,0.246249048
C,2,2017-01-01,C  N7,C  N7.N7,N7,P,0.473972602739726,410,0.244737523
C,2,2017-01-01,C  N7,C  N7.N7,N7,C,0.473972602739726,420,0.25077227
C,2,2017-01-01,C  N7,C  N7.N7,N7,P,0.473972602739726,420,0.24747461899999998
C,2,2017-01-01,C  N7,C  N7.N7,N7,C,0.473972602739726,430,0.25460409
C,2,2017-01-01,C  N7,C  N7.N7,N7,P,0.473972602739726,430,0.250966258
C,2,2017-01-01,C  N7,C  N7.N7,N7,C,0.473972602739726,440,0.260372567
C,2,2017-01-01,C  N7,C  N7.N7,N7,P,0.473972602739726,440,0.256358796
C,2,2017-01-01,C  N7,C  N7.N7,N7,C,0.473972602739726,450,0.265101675
C,2,2017-01-01,C  N7,C  N7.N7,N7,P,0.473972602739726,450,0.258361793
C,2,2017-01-01,C  N7,C  N7.N7,N7,C,0.473972602739726,460,0.26914392800000003
C,2,2017-01-01,C  N7,C  N7.N7,N7,P,0.473972602739726,460,0.261568686
C,2,2017-01-01,C  N7,C  N7.N7,N7,C,0.473972602739726,470,0.275671308
C,2,2017-01-01,C  N7,C  N7.N7,N7,P,0.473972602739726,470,0.267270461
C,2,2017-01-01,C  N7,C  N7.N7,N7,C,0.473972602739726,480,0.280063598
C,2,2017-01-01,C  N7,C  N7.N7,N7,P,0.473972602739726,480,0.27059917899999997
C,2,2017-01-01,C  N7,C  N7.N7,N7,C,0.473972602739726,490,0.285452329
C,2,2017-01-01,C  N7,C  N7.N7,N7,P,0.473972602739726,490,0.274862644
C,2,2017-01-01,C  N7,C  N7.N7,N7,C,0.473972602739726,500,0.288899835
C,2,2017-01-01,C  N7,C  N7.N7,N7,P,0.473972602739726,500,0.276831048
C,2,2017-01-01,C  N7,C  N7.N7,N7,C,0.473972602739726,510,0.294371833
C,2,2017-01-01,C  N7,C  N7.N7,N7,P,0.473972602739726,510,0.275917601
C,2,2017-01-01,C  N7,C  N7.N7,N7,C,0.473972602739726,520,0.29829990300000003
C,2,2017-01-01,C  N7,C  N7.N7,N7,P,0.473972602739726,520,0.27717386
C,2,2017-01-01,C  N7,C  N7.N7,N7,C,0.473972602739726,530,0.30568491
C,2,2017-01-01,C  N7,C  N7.N7,N7,P,0.473972602739726,530,0.282546216
C,2,2017-01-01,C  N7,C  N7.N7,N7,C,0.473972602739726,540,0.312201917
C,2,2017-01-01,C  N7,C  N7.N7,N7,P,0.473972602739726,540,0.286647501
C,2,2017-01-01,C  N7,C  N7.N7,N7,C,0.473972602739726,550,0.317808256
C,2,2017-01-01,C  N7,C  N7.N7,N7,P,0.473972602739726,550,0.289264486
C,2,2017-01-01,C  N7,C  N7.N7,N7,C,0.473972602739726,560,0.322437613
C,2,2017-01-01,C  N7,C  N7.N7,N7,P,0.473972602739726,560,0.290039093
C,2,2017-01-01,C  N7,C  N7.N7,N7,C,0.473972602739726,570,0.325988304
C,2,2017-01-01,C  N7,C  N7.N7,N7,P,0.473972602739726,570,0.288322562
C,2,2017-01-01,C  N7,C  N7.N7,N7,C,0.473972602739726,580,0.328305106
C,2,2017-01-01,C  N7,C  N7.N7,N7,P,0.473972602739726,580,0.28274018300000003
C,2,2017-01-01,C  N7,C  N7.N7,N7,C,0.473972602739726,590,0.338106226
C,2,2017-01-01,C  N7,C  N7.N7,N7,P,0.473972602739726,590,0.291550687
C,2,2017-01-01,C  N7,C  N7.N7,N7,C,0.473972602739726,600,0.33855299899999997
C,2,2017-01-01,C  N7,C  N7.N7,N7,P,0.473972602739726,600,0.277453293
C,2,2017-01-01,C  N7,C  N7.N7,N7,C,0.473972602739726,610,0.34774991299999997
C,2,2017-01-01,C  N7,C  N7.N7,N7,P,0.473972602739726,610,0.285402899
C,2,2017-01-01,C  N7,C  N7.N7,N7,C,0.473972602739726,620,0.356750306
C,2,2017-01-01,C  N7,C  N7.N7,N7,P,0.473972602739726,620,0.293192464
C,2,2017-01-01,C  N7,C  N7.N7,N7,C,0.473972602739726,630,0.35455422
C,2,2017-01-01,C  N7,C  N7.N7,N7,P,0.473972602739726,630,0.0
C,2,2017-01-01,C  N7,C  N7.N7,N7,C,0.473972602739726,640,0.363002351
C,2,2017-01-01,C  N7,C  N7.N7,N7,P,0.473972602739726,640,0.0
C,2,2017-01-01,C  N7,C  N7.N7,N7,C,0.473972602739726,650,0.371281918
C,2,2017-01-01,C  N7,C  N7.N7,N7,P,0.473972602739726,650,0.0
C,2,2017-01-01,C  N7,C  N7.N7,N7,C,0.473972602739726,660,0.36568396799999997
C,2,2017-01-01,C  N7,C  N7.N7,N7,P,0.473972602739726,660,0.0
C,2,2017-01-01,C  N7,C  N7.N7,N7,C,0.473972602739726,670,0.37343993799999997
C,2,2017-01-01,C  N7,C  N7.N7,N7,P,0.473972602739726,670,0.0
C,2,2017-01-01,C  N7,C  N7.N7,N7,C,0.473972602739726,680,0.38105145700000004
C,2,2017-01-01,C  N7,C  N7.N7,N7,P,0.473972602739726,680,0.0
C,2,2017-01-01,C  N7,C  N7.N7,N7,C,0.473972602739726,690,0.38852400299999995
C,2,2017-01-01,C  N7,C  N7.N7,N7,P,0.473972602739726,690,0.0
C,2,2017-01-02,C  N7,C  N7.N7,N7,C,0.4712328767123288,170,0.0
C,2,2017-01-02,C  N7,C  N7.N7,N7,P,0.4712328767123288,170,0.43482205399999996
C,2,2017-01-02,C  N7,C  N7.N7,N7,C,0.4712328767123288,180,0.0
C,2,2017-01-02,C  N7,C  N7.N7,N7,P,0.4712328767123288,180,0.40436637299999995
C,2,2017-01-02,C  N7,C  N7.N7,N7,C,0.4712328767123288,190,0.0
C,2,2017-01-02,C  N7,C  N7.N7,N7,P,0.4712328767123288,190,0.37551972100000003
C,2,2017-01-02,C  N7,C  N7.N7,N7,C,0.4712328767123288,200,0.0
C,2,2017-01-02,C  N7,C  N7.N7,N7,P,0.4712328767123288,200,0.34810204100000003
C,2,2017-01-02,C  N7,C  N7.N7,N7,C,0.4712328767123288,210,0.0
C,2,2017-01-02,C  N7,C  N7.N7,N7,P,0.4712328767123288,210,0.321959643
C,2,2017-01-02,C  N7,C  N7.N7,N7,C,0.4712328767123288,220,0.0
C,2,2017-01-02,C  N7,C  N7.N7,N7,P,0.4712328767123288,220,0.296959578
C,2,2017-01-02,C  N7,C  N7.N7,N7,C,0.4712328767123288,230,0.0
C,2,2017-01-02,C  N7,C  N7.N7,N7,P,0.4712328767123288,230,0.27298434899999996
C,2,2017-01-02,C  N7,C  N7.N7,N7,C,0.4712328767123288,240,0.0
C,2,2017-01-02,C  N7,C  N7.N7,N7,P,0.4712328767123288,240,0.249930292
C,2,2017-01-02,C  N7,C  N7.N7,N7,C,0.4712328767123288,250,0.0
C,2,2017-01-02,C  N7,C  N7.N7,N7,P,0.4712328767123288,250,0.24900852199999998
C,2,2017-01-02,C  N7,C  N7.N7,N7,C,0.4712328767123288,260,0.206227931
C,2,2017-01-02,C  N7,C  N7.N7,N7,P,0.4712328767123288,260,0.239637978
C,2,2017-01-02,C  N7,C  N7.N7,N7,C,0.4712328767123288,270,0.203418817
C,2,2017-01-02,C  N7,C  N7.N7,N7,P,0.4712328767123288,270,0.22628619
C,2,2017-01-02,C  N7,C  N7.N7,N7,C,0.4712328767123288,280,0.210533442
C,2,2017-01-02,C  N7,C  N7.N7,N7,P,0.4712328767123288,280,0.224100815
C,2,2017-01-02,C  N7,C  N7.N7,N7,C,0.4712328767123288,290,0.20958026100000002
C,2,2017-01-02,C  N7,C  N7.N7,N7,P,0.4712328767123288,290,0.218941935
C,2,2017-01-02,C  N7,C  N7.N7,N7,C,0.4712328767123288,300,0.20760069399999997
C,2,2017-01-02,C  N7,C  N7.N7,N7,P,0.4712328767123288,300,0.21439535199999998
C,2,2017-01-02,C  N7,C  N7.N7,N7,C,0.4712328767123288,310,0.20851529
C,2,2017-01-02,C  N7,C  N7.N7,N7,P,0.4712328767123288,310,0.213577082
C,2,2017-01-02,C  N7,C  N7.N7,N7,C,0.4712328767123288,320,0.21281103899999998
C,2,2017-01-02,C  N7,C  N7.N7,N7,P,0.4712328767123288,320,0.214789801
C,2,2017-01-02,C  N7,C  N7.N7,N7,C,0.4712328767123288,330,0.21414006100000002
C,2,2017-01-02,C  N7,C  N7.N7,N7,P,0.4712328767123288,330,0.21579168699999998
C,2,2017-01-02,C  N7,C  N7.N7,N7,C,0.4712328767123288,340,0.218753741
C,2,2017-01-02,C  N7,C  N7.N7,N7,P,0.4712328767123288,340,0.220197792
C,2,2017-01-02,C  N7,C  N7.N7,N7,C,0.4712328767123288,350,0.224079467
C,2,2017-01-02,C  N7,C  N7.N7,N7,P,0.4712328767123288,350,0.224079467
C,2,2017-01-02,C  N7,C  N7.N7,N7,C,0.4712328767123288,360,0.227732598
C,2,2017-01-02,C  N7,C  N7.N7,N7,P,0.4712328767123288,360,0.227732598
C,2,2017-01-02,C  N7,C  N7.N7,N7,C,0.4712328767123288,370,0.23161719
C,2,2017-01-02,C  N7,C  N7.N7,N7,P,0.4712328767123288,370,0.23161719
C,2,2017-01-02,C  N7,C  N7.N7,N7,C,0.4712328767123288,380,0.23510287800000002
C,2,2017-01-02,C  N7,C  N7.N7,N7,P,0.4712328767123288,380,0.233828736
C,2,2017-01-02,C  N7,C  N7.N7,N7,C,0.4712328767123288,390,0.23892673
C,2,2017-01-02,C  N7,C  N7.N7,N7,P,0.4712328767123288,390,0.23760093899999998
C,2,2017-01-02,C  N7,C  N7.N7,N7,C,0.4712328767123288,400,0.24259024199999998
C,2,2017-01-02,C  N7,C  N7.N7,N7,P,0.4712328767123288,400,0.241183597
C,2,2017-01-02,C  N7,C  N7.N7,N7,C,0.4712328767123288,410,0.246964099
C,2,2017-01-02,C  N7,C  N7.N7,N7,P,0.4712328767123288,410,0.24544812100000002
C,2,2017-01-02,C  N7,C  N7.N7,N7,C,0.4712328767123288,420,0.251500167
C,2,2017-01-02,C  N7,C  N7.N7,N7,P,0.4712328767123288,420,0.24819290600000002
C,2,2017-01-02,C  N7,C  N7.N7,N7,C,0.4712328767123288,430,0.255343012
C,2,2017-01-02,C  N7,C  N7.N7,N7,P,0.4712328767123288,430,0.25169475399999997
C,2,2017-01-02,C  N7,C  N7.N7,N7,C,0.4712328767123288,440,0.26112644100000004
C,2,2017-01-02,C  N7,C  N7.N7,N7,P,0.4712328767123288,440,0.257102944
C,2,2017-01-02,C  N7,C  N7.N7,N7,C,0.4712328767123288,450,0.26587103100000004
C,2,2017-01-02,C  N7,C  N7.N7,N7,P,0.4712328767123288,450,0.259111757
C,2,2017-01-02,C  N7,C  N7.N7,N7,C,0.4712328767123288,460,0.26992515699999997
C,2,2017-01-02,C  N7,C  N7.N7,N7,P,0.4712328767123288,460,0.262327959
C,2,2017-01-02,C  N7,C  N7.N7,N7,C,0.4712328767123288,470,0.276471515
C,2,2017-01-02,C  N7,C  N7.N7,N7,P,0.4712328767123288,470,0.26804628399999997
C,2,2017-01-02,C  N7,C  N7.N7,N7,C,0.4712328767123288,480,0.280876544
C,2,2017-01-02,C  N7,C  N7.N7,N7,P,0.4712328767123288,480,0.271384675
C,2,2017-01-02,C  N7,C  N7.N7,N7,C,0.4712328767123288,490,0.28628092899999996
C,2,2017-01-02,C  N7,C  N7.N7,N7,P,0.4712328767123288,490,0.275660506
C,2,2017-01-02,C  N7,C  N7.N7,N7,C,0.4712328767123288,500,0.289738443
C,2,2017-01-02,C  N7,C  N7.N7,N7,P,0.4712328767123288,500,0.277634695
C,2,2017-01-02,C  N7,C  N7.N7,N7,C,0.4712328767123288,510,0.29522635199999997
C,2,2017-01-02,C  N7,C  N7.N7,N7,P,0.4712328767123288,510,0.276718527
C,2,2017-01-02,C  N7,C  N7.N7,N7,C,0.4712328767123288,520,0.299165799
C,2,2017-01-02,C  N7,C  N7.N7,N7,P,0.4712328767123288,520,0.2779787
C,2,2017-01-02,C  N7,C  N7.N7,N7,C,0.4712328767123288,530,0.30657224
C,2,2017-01-02,C  N7,C  N7.N7,N7,P,0.4712328767123288,530,0.28336638
C,2,2017-01-02,C  N7,C  N7.N7,N7,C,0.4712328767123288,540,0.313108166
C,2,2017-01-02,C  N7,C  N7.N7,N7,P,0.4712328767123288,540,0.287479573
C,2,2017-01-02,C  N7,C  N7.N7,N7,C,0.4712328767123288,550,0.31873077699999997
C,2,2017-01-02,C  N7,C  N7.N7,N7,P,0.4712328767123288,550,0.290104156
C,2,2017-01-02,C  N7,C  N7.N7,N7,C,0.4712328767123288,560,0.323373574
C,2,2017-01-02,C  N7,C  N7.N7,N7,P,0.4712328767123288,560,0.290880773
C,2,2017-01-02,C  N7,C  N7.N7,N7,C,0.4712328767123288,570,0.326934515
C,2,2017-01-02,C  N7,C  N7.N7,N7,P,0.4712328767123288,570,0.289159476
C,2,2017-01-02,C  N7,C  N7.N7,N7,C,0.4712328767123288,580,0.329258089
C,2,2017-01-02,C  N7,C  N7.N7,N7,P,0.4712328767123288,580,0.28356076199999997
C,2,2017-01-02,C  N7,C  N7.N7,N7,C,0.4712328767123288,590,0.33908770299999996
C,2,2017-01-02,C  N7,C  N7.N7,N7,P,0.4712328767123288,590,0.292396989
C,2,2017-01-02,C  N7,C  N7.N7,N7,C,0.4712328767123288,600,0.33953574299999995
C,2,2017-01-02,C  N7,C  N7.N7,N7,P,0.4712328767123288,600,0.278258627
C,2,2017-01-02,C  N7,C  N7.N7,N7,C,0.4712328767123288,610,0.348759463
C,2,2017-01-02,C  N7,C  N7.N7,N7,P,0.4712328767123288,610,0.286231336
C,2,2017-01-02,C  N7,C  N7.N7,N7,C,0.4712328767123288,620,0.357785281
C,2,2017-01-02,C  N7,C  N7.N7,N7,P,0.4712328767123288,620,0.294043462
C,2,2017-01-02,C  N7,C  N7.N7,N7,C,0.4712328767123288,630,0.355583398
C,2,2017-01-02,C  N7,C  N7.N7,N7,P,0.4712328767123288,630,0.0
C,2,2017-01-02,C  N7,C  N7.N7,N7,C,0.4712328767123288,640,0.364054936
C,2,2017-01-02,C  N7,C  N7.N7,N7,P,0.4712328767123288,640,0.0
C,2,2017-01-02,C  N7,C  N7.N7,N7,C,0.4712328767123288,650,0.372359263
C,2,2017-01-02,C  N7,C  N7.N7,N7,P,0.4712328767123288,650,0.0
C,2,2017-01-02,C  N7,C  N7.N7,N7,C,0.4712328767123288,660,0.366745362
C,2,2017-01-02,C  N7,C  N7.N7,N7,P,0.4712328767123288,660,0.0
C,2,2017-01-02,C  N7,C  N7.N7,N7,C,0.4712328767123288,670,0.374523946
C,2,2017-01-02,C  N7,C  N7.N7,N7,P,0.4712328767123288,670,0.0
C,2,2017-01-02,C  N7,C  N7.N7,N7,C,0.4712328767123288,680,0.38215756
C,2,2017-01-02,C  N7,C  N7.N7,N7,P,0.4712328767123288,680,0.0
C,2,2017-01-02,C  N7,C  N7.N7,N7,C,0.4712328767123288,690,0.389651798
C,2,2017-01-02,C  N7,C  N7.N7,N7,P,0.4712328767123288,690,0.0
C,3,2017-01-01,C  U7,C  U7.U7,U7,C,0.6465753424657534,180,0.0
C,3,2017-01-01,C  U7,C  U7.U7,U7,P,0.6465753424657534,180,0.353122396
C,3,2017-01-01,C  U7,C  U7.U7,U7,C,0.6465753424657534,190,0.0
C,3,2017-01-01,C  U7,C  U7.U7,U7,P,0.6465753424657534,190,0.328555291
C,3,2017-01-01,C  U7,C  U7.U7,U7,C,0.6465753424657534,200,0.0
C,3,2017-01-01,C  U7,C  U7.U7,U7,P,0.6465753424657534,200,0.33174180600000003
C,3,2017-01-01,C  U7,C  U7.U7,U7,C,0.6465753424657534,210,0.0
C,3,2017-01-01,C  U7,C  U7.U7,U7,P,0.6465753424657534,210,0.30780933
C,3,2017-01-01,C  U7,C  U7.U7,U7,C,0.6465753424657534,220,0.0
C,3,2017-01-01,C  U7,C  U7.U7,U7,P,0.6465753424657534,220,0.284926167
C,3,2017-01-01,C  U7,C  U7.U7,U7,C,0.6465753424657534,230,0.0
C,3,2017-01-01,C  U7,C  U7.U7,U7,P,0.6465753424657534,230,0.278084035
C,3,2017-01-01,C  U7,C  U7.U7,U7,C,0.6465753424657534,240,0.22168252
C,3,2017-01-01,C  U7,C  U7.U7,U7,P,0.6465753424657534,240,0.267240747
C,3,2017-01-01,C  U7,C  U7.U7,U7,C,0.6465753424657534,250,0.221548007
C,3,2017-01-01,C  U7,C  U7.U7,U7,P,0.6465753424657534,250,0.254099107
C,3,2017-01-01,C  U7,C  U7.U7,U7,C,0.6465753424657534,260,0.214045177
C,3,2017-01-01,C  U7,C  U7.U7,U7,P,0.6465753424657534,260,0.239471491
C,3,2017-01-01,C  U7,C  U7.U7,U7,C,0.6465753424657534,270,0.21761913100000002
C,3,2017-01-01,C  U7,C  U7.U7,U7,P,0.6465753424657534,270,0.23478755199999998
C,3,2017-01-01,C  U7,C  U7.U7,U7,C,0.6465753424657534,280,0.212254503
C,3,2017-01-01,C  U7,C  U7.U7,U7,P,0.6465753424657534,280,0.22541293
C,3,2017-01-01,C  U7,C  U7.U7,U7,C,0.6465753424657534,290,0.21308197899999998
C,3,2017-01-01,C  U7,C  U7.U7,U7,P,0.6465753424657534,290,0.22274190300000002
C,3,2017-01-01,C  U7,C  U7.U7,U7,C,0.6465753424657534,300,0.212091368
C,3,2017-01-01,C  U7,C  U7.U7,U7,P,0.6465753424657534,300,0.219563612
C,3,2017-01-01,C  U7,C  U7.U7,U7,C,0.6465753424657534,310,0.21318047899999998
C,3,2017-01-01,C  U7,C  U7.U7,U7,P,0.6465753424657534,310,0.21910518699999998
C,3,2017-01-01,C  U7,C  U7.U7,U7,C,0.6465753424657534,320,0.217553482
C,3,2017-01-01,C  U7,C  U7.U7,U7,P,0.6465753424657534,320,0.22079107899999997
C,3,2017-01-01,C  U7,C  U7.U7,U7,C,0.6465753424657534,330,0.22166905899999997
C,3,2017-01-01,C  U7,C  U7.U7,U7,P,0.6465753424657534,330,0.22444250000000002
C,3,2017-01-01,C  U7,C  U7.U7,U7,C,0.6465753424657534,340,0.227803377
C,3,2017-01-01,C  U7,C  U7.U7,U7,P,0.6465753424657534,340,0.22903851600000003
C,3,2017-01-01,C  U7,C  U7.U7,U7,C,0.6465753424657534,350,0.233164677
C,3,2017-01-01,C  U7,C  U7.U7,U7,P,0.6465753424657534,350,0.234305209
C,3,2017-01-01,C  U7,C  U7.U7,U7,C,0.6465753424657534,360,0.23816897899999998
C,3,2017-01-01,C  U7,C  U7.U7,U7,P,0.6465753424657534,360,0.239253622
C,3,2017-01-01,C  U7,C  U7.U7,U7,C,0.6465753424657534,370,0.24321757800000002
C,3,2017-01-01,C  U7,C  U7.U7,U7,P,0.6465753424657534,370,0.24321757800000002
C,3,2017-01-01,C  U7,C  U7.U7,U7,C,0.6465753424657534,380,0.246644718
C,3,2017-01-01,C  U7,C  U7.U7,U7,P,0.6465753424657534,380,0.246644718
C,3,2017-01-01,C  U7,C  U7.U7,U7,C,0.6465753424657534,390,0.24994683
C,3,2017-01-01,C  U7,C  U7.U7,U7,P,0.6465753424657534,390,0.24888607399999998
C,3,2017-01-01,C  U7,C  U7.U7,U7,C,0.6465753424657534,400,0.253550265
C,3,2017-01-01,C  U7,C  U7.U7,U7,P,0.6465753424657534,400,0.25246318100000004
C,3,2017-01-01,C  U7,C  U7.U7,U7,C,0.6465753424657534,410,0.256815061
C,3,2017-01-01,C  U7,C  U7.U7,U7,P,0.6465753424657534,410,0.254558608
C,3,2017-01-01,C  U7,C  U7.U7,U7,C,0.6465753424657534,420,0.260161958
C,3,2017-01-01,C  U7,C  U7.U7,U7,P,0.6465753424657534,420,0.257796906
C,3,2017-01-01,C  U7,C  U7.U7,U7,C,0.6465753424657534,430,0.264062792
C,3,2017-01-01,C  U7,C  U7.U7,U7,P,0.6465753424657534,430,0.260312205
C,3,2017-01-01,C  U7,C  U7.U7,U7,C,0.6465753424657534,440,0.267744754
C,3,2017-01-01,C  U7,C  U7.U7,U7,P,0.6465753424657534,440,0.26375445
C,3,2017-01-01,C  U7,C  U7.U7,U7,C,0.6465753424657534,450,0.271596461
C,3,2017-01-01,C  U7,C  U7.U7,U7,P,0.6465753424657534,450,0.267329653
C,3,2017-01-01,C  U7,C  U7.U7,U7,C,0.6465753424657534,460,0.276062995
C,3,2017-01-01,C  U7,C  U7.U7,U7,P,0.6465753424657534,460,0.26995053199999997
C,3,2017-01-01,C  U7,C  U7.U7,U7,C,0.6465753424657534,470,0.280037459
C,3,2017-01-01,C  U7,C  U7.U7,U7,P,0.6465753424657534,470,0.273453131
C,3,2017-01-01,C  U7,C  U7.U7,U7,C,0.6465753424657534,480,0.283754897
C,3,2017-01-01,C  U7,C  U7.U7,U7,P,0.6465753424657534,480,0.27663601600000004
C,3,2017-01-01,C  U7,C  U7.U7,U7,C,0.6465753424657534,490,0.287480984
C,3,2017-01-01,C  U7,C  U7.U7,U7,P,0.6465753424657534,490,0.27778950399999996
C,3,2017-01-01,C  U7,C  U7.U7,U7,C,0.6465753424657534,500,0.291522167
C,3,2017-01-01,C  U7,C  U7.U7,U7,P,0.6465753424657534,500,0.281013119
C,3,2017-01-01,C  U7,C  U7.U7,U7,C,0.6465753424657534,510,0.296231837
C,3,2017-01-01,C  U7,C  U7.U7,U7,P,0.6465753424657534,510,0.284875248
C,3,2017-01-01,C  U7,C  U7.U7,U7,C,0.6465753424657534,520,0.29964445100000003
C,3,2017-01-01,C  U7,C  U7.U7,U7,P,0.6465753424657534,520,0.28726565800000003
C,3,2017-01-01,C  U7,C  U7.U7,U7,C,0.6465753424657534,530,0.30422782
C,3,2017-01-01,C  U7,C  U7.U7,U7,P,0.6465753424657534,530,0.28799059899999996
C,3,2017-01-01,C  U7,C  U7.U7,U7,C,0.6465753424657534,540,0.307717484
C,3,2017-01-01,C  U7,C  U7.U7,U7,P,0.6465753424657534,540,0.28997613899999997
C,3,2017-01-01,C  U7,C  U7.U7,U7,C,0.6465753424657534,550,0.313000369
C,3,2017-01-01,C  U7,C  U7.U7,U7,P,0.6465753424657534,550,0.293921586
C,3,2017-01-01,C  U7,C  U7.U7,U7,C,0.6465753424657534,560,0.317477892
C,3,2017-01-01,C  U7,C  U7.U7,U7,P,0.6465753424657534,560,0.29683358600000004
C,3,2017-01-01,C  U7,C  U7.U7,U7,C,0.6465753424657534,570,0.32110716100000003
C,3,2017-01-01,C  U7,C  U7.U7,U7,P,0.6465753424657534,570,0.298588416
C,3,2017-01-01,C  U7,C  U7.U7,U7,C,0.6465753424657534,580,0.323829562
C,3,2017-01-01,C  U7,C  U7.U7,U7,P,0.6465753424657534,580,0.298999947
C,3,2017-01-01,C  U7,C  U7.U7,U7,C,0.6465753424657534,590,0.32949782699999997
C,3,2017-01-01,C  U7,C  U7.U7,U7,P,0.6465753424657534,590,0.297770548
C,3,2017-01-01,C  U7,C  U7.U7,U7,C,0.6465753424657534,600,0.334667444
C,3,2017-01-01,C  U7,C  U7.U7,U7,P,0.6465753424657534,600,0.300616113
C,3,2017-01-01,C  U7,C  U7.U7,U7,C,0.6465753424657534,610,0.33932802
C,3,2017-01-01,C  U7,C  U7.U7,U7,P,0.6465753424657534,610,0.302576
C,3,2017-01-01,C  U7,C  U7.U7,U7,C,0.6465753424657534,620,0.34346660700000003
C,3,2017-01-01,C  U7,C  U7.U7,U7,P,0.6465753424657534,620,0.303507464
C,3,2017-01-01,C  U7,C  U7.U7,U7,C,0.6465753424657534,630,0.347060001
C,3,2017-01-01,C  U7,C  U7.U7,U7,P,0.6465753424657534,630,0.303194168
C,3,2017-01-02,C  U7,C  U7.U7,U7,C,0.6438356164383562,180,0.0
C,3,2017-01-02,C  U7,C  U7.U7,U7,P,0.6438356164383562,180,0.35387292299999995
C,3,2017-01-02,C  U7,C  U7.U7,U7,C,0.6438356164383562,190,0.0
C,3,2017-01-02,C  U7,C  U7.U7,U7,P,0.6438356164383562,190,0.329253461
C,3,2017-01-02,C  U7,C  U7.U7,U7,C,0.6438356164383562,200,0.0
C,3,2017-01-02,C  U7,C  U7.U7,U7,P,0.6438356164383562,200,0.332447385
C,3,2017-01-02,C  U7,C  U7.U7,U7,C,0.6438356164383562,210,0.0
C,3,2017-01-02,C  U7,C  U7.U7,U7,P,0.6438356164383562,210,0.308463522
C,3,2017-01-02,C  U7,C  U7.U7,U7,C,0.6438356164383562,220,0.0
C,3,2017-01-02,C  U7,C  U7.U7,U7,P,0.6438356164383562,220,0.285531696
C,3,2017-01-02,C  U7,C  U7.U7,U7,C,0.6438356164383562,230,0.0
C,3,2017-01-02,C  U7,C  U7.U7,U7,P,0.6438356164383562,230,0.278675087
C,3,2017-01-02,C  U7,C  U7.U7,U7,C,0.6438356164383562,240,0.222153682
C,3,2017-01-02,C  U7,C  U7.U7,U7,P,0.6438356164383562,240,0.26780874
C,3,2017-01-02,C  U7,C  U7.U7,U7,C,0.6438356164383562,250,0.22201888600000003
C,3,2017-01-02,C  U7,C  U7.U7,U7,P,0.6438356164383562,250,0.254639233
C,3,2017-01-02,C  U7,C  U7.U7,U7,C,0.6438356164383562,260,0.214500093
C,3,2017-01-02,C  U7,C  U7.U7,U7,P,0.6438356164383562,260,0.239980405
C,3,2017-01-02,C  U7,C  U7.U7,U7,C,0.6438356164383562,270,0.218081697
C,3,2017-01-02,C  U7,C  U7.U7,U7,P,0.6438356164383562,270,0.235286529
C,3,2017-01-02,C  U7,C  U7.U7,U7,C,0.6438356164383562,280,0.212705566
C,3,2017-01-02,C  U7,C  U7.U7,U7,P,0.6438356164383562,280,0.225892022
C,3,2017-01-02,C  U7,C  U7.U7,U7,C,0.6438356164383562,290,0.213534905
C,3,2017-01-02,C  U7,C  U7.U7,U7,P,0.6438356164383562,290,0.223215318
C,3,2017-01-02,C  U7,C  U7.U7,U7,C,0.6438356164383562,300,0.21254214899999999
C,3,2017-01-02,C  U7,C  U7.U7,U7,P,0.6438356164383562,300,0.22003019699999998
C,3,2017-01-02,C  U7,C  U7.U7,U7,C,0.6438356164383562,310,0.213633574
C,3,2017-01-02,C  U7,C  U7.U7,U7,P,0.6438356164383562,310,0.21957087399999997
C,3,2017-01-02,C  U7,C  U7.U7,U7,C,0.6438356164383562,320,0.218015978
C,3,2017-01-02,C  U7,C  U7.U7,U7,P,0.6438356164383562,320,0.221260366
C,3,2017-01-02,C  U7,C  U7.U7,U7,C,0.6438356164383562,330,0.222140201
C,3,2017-01-02,C  U7,C  U7.U7,U7,P,0.6438356164383562,330,0.224919537
C,3,2017-01-02,C  U7,C  U7.U7,U7,C,0.6438356164383562,340,0.22828755
C,3,2017-01-02,C  U7,C  U7.U7,U7,P,0.6438356164383562,340,0.229525315
C,3,2017-01-02,C  U7,C  U7.U7,U7,C,0.6438356164383562,350,0.233660251
C,3,2017-01-02,C  U7,C  U7.U7,U7,P,0.6438356164383562,350,0.23480320699999999
C,3,2017-01-02,C  U7,C  U7.U7,U7,C,0.6438356164383562,360,0.238675183
C,3,2017-01-02,C  U7,C  U7.U7,U7,P,0.6438356164383562,360,0.239762132
C,3,2017-01-02,C  U7,C  U7.U7,U7,C,0.6438356164383562,370,0.243734513
C,3,2017-01-02,C  U7,C  U7.U7,U7,P,0.6438356164383562,370,0.243734513
C,3,2017-01-02,C  U7,C  U7.U7,U7,C,0.6438356164383562,380,0.247168938
C,3,2017-01-02,C  U7,C  U7.U7,U7,P,0.6438356164383562,380,0.247168938
C,3,2017-01-02,C  U7,C  U7.U7,U7,C,0.6438356164383562,390,0.250478068
C,3,2017-01-02,C  U7,C  U7.U7,U7,P,0.6438356164383562,390,0.249415057
C,3,2017-01-02,C  U7,C  U7.U7,U7,C,0.6438356164383562,400,0.254089161
C,3,2017-01-02,C  U7,C  U7.U7,U7,P,0.6438356164383562,400,0.252999767
C,3,2017-01-02,C  U7,C  U7.U7,U7,C,0.6438356164383562,410,0.257360896
C,3,2017-01-02,C  U7,C  U7.U7,U7,P,0.6438356164383562,410,0.255099647
C,3,2017-01-02,C  U7,C  U7.U7,U7,C,0.6438356164383562,420,0.260714915
C,3,2017-01-02,C  U7,C  U7.U7,U7,P,0.6438356164383562,420,0.258344836
C,3,2017-01-02,C  U7,C  U7.U7,U7,C,0.6438356164383562,430,0.264624039
C,3,2017-01-02,C  U7,C  U7.U7,U7,P,0.6438356164383562,430,0.260865479
C,3,2017-01-02,C  U7,C  U7.U7,U7,C,0.6438356164383562,440,0.268313819
C,3,2017-01-02,C  U7,C  U7.U7,U7,P,0.6438356164383562,440,0.264315034
C,3,2017-01-02,C  U7,C  U7.U7,U7,C,0.6438356164383562,450,0.27217371
C,3,2017-01-02,C  U7,C  U7.U7,U7,P,0.6438356164383562,450,0.267897825
C,3,2017-01-02,C  U7,C  U7.U7,U7,C,0.6438356164383562,460,0.276649737
C,3,2017-01-02,C  U7,C  U7.U7,U7,P,0.6438356164383562,460,0.27052427
C,3,2017-01-02,C  U7,C  U7.U7,U7,C,0.6438356164383562,470,0.280632651
C,3,2017-01-02,C  U7,C  U7.U7,U7,P,0.6438356164383562,470,0.27403433
C,3,2017-01-02,C  U7,C  U7.U7,U7,C,0.6438356164383562,480,0.284358097
C,3,2017-01-02,C  U7,C  U7.U7,U7,P,0.6438356164383562,480,0.277223975
C,3,2017-01-02,C  U7,C  U7.U7,U7,C,0.6438356164383562,490,0.288092012
C,3,2017-01-02,C  U7,C  U7.U7,U7,P,0.6438356164383562,490,0.278379918
C,3,2017-01-02,C  U7,C  U7.U7,U7,C,0.6438356164383562,500,0.292141773
C,3,2017-01-02,C  U7,C  U7.U7,U7,P,0.6438356164383562,500,0.281610365
C,3,2017-01-02,C  U7,C  U7.U7,U7,C,0.6438356164383562,510,0.29686132
C,3,2017-01-02,C  U7,C  U7.U7,U7,P,0.6438356164383562,510,0.285480804
C,3,2017-01-02,C  U7,C  U7.U7,U7,C,0.6438356164383562,520,0.300281315
C,3,2017-01-02,C  U7,C  U7.U7,U7,P,0.6438356164383562,520,0.287876281
C,3,2017-01-02,C  U7,C  U7.U7,U7,C,0.6438356164383562,530,0.304874443
C,3,2017-01-02,C  U7,C  U7.U7,U7,P,0.6438356164383562,530,0.288602758
C,3,2017-01-02,C  U7,C  U7.U7,U7,C,0.6438356164383562,540,0.308371507
C,3,2017-01-02,C  U7,C  U7.U7,U7,P,0.6438356164383562,540,0.290592454
C,3,2017-01-02,C  U7,C  U7.U7,U7,C,0.6438356164383562,550,0.31366562
C,3,2017-01-02,C  U7,C  U7.U7,U7,P,0.6438356164383562,550,0.29454633399999997
C,3,2017-01-02,C  U7,C  U7.U7,U7,C,0.6438356164383562,560,0.318152667
C,3,2017-01-02,C  U7,C  U7.U7,U7,P,0.6438356164383562,560,0.297464496
C,3,2017-01-02,C  U7,C  U7.U7,U7,C,0.6438356164383562,570,0.32178965600000003
C,3,2017-01-02,C  U7,C  U7.U7,U7,P,0.6438356164383562,570,0.29922283899999996
C,3,2017-01-02,C  U7,C  U7.U7,U7,C,0.6438356164383562,580,0.32451783300000003
C,3,2017-01-02,C  U7,C  U7.U7,U7,P,0.6438356164383562,580,0.299635442
C,3,2017-01-02,C  U7,C  U7.U7,U7,C,0.6438356164383562,590,0.330198004
C,3,2017-01-02,C  U7,C  U7.U7,U7,P,0.6438356164383562,590,0.298403383
C,3,2017-01-02,C  U7,C  U7.U7,U7,C,0.6438356164383562,600,0.33537874300000003
C,3,2017-01-02,C  U7,C  U7.U7,U7,P,0.6438356164383562,600,0.301255043
C,3,2017-01-02,C  U7,C  U7.U7,U7,C,0.6438356164383562,610,0.34004917700000004
C,3,2017-01-02,C  U7,C  U7.U7,U7,P,0.6438356164383562,610,0.303219097
C,3,2017-01-02,C  U7,C  U7.U7,U7,C,0.6438356164383562,620,0.344196612
C,3,2017-01-02,C  U7,C  U7.U7,U7,P,0.6438356164383562,620,0.30415238899999997
C,3,2017-01-02,C  U7,C  U7.U7,U7,C,0.6438356164383562,630,0.347797642
C,3,2017-01-02,C  U7,C  U7.U7,U7,P,0.6438356164383562,630,0.303838538
C,4,2017-01-01,C  Z7,C  Z7.Z7,Z7,C,0.8958904109589041,180,0.0
C,4,2017-01-01,C  Z7,C  Z7.Z7,Z7,P,0.8958904109589041,180,0.30817993
C,4,2017-01-01,C  Z7,C  Z7.Z7,Z7,C,0.8958904109589041,190,0.0
C,4,2017-01-01,C  Z7,C  Z7.Z7,Z7,P,0.8958904109589041,190,0.28736832100000004
C,4,2017-01-01,C  Z7,C  Z7.Z7,Z7,C,0.8958904109589041,200,0.0
C,4,2017-01-01,C  Z7,C  Z7.Z7,Z7,P,0.8958904109589041,200,0.290655563
C,4,2017-01-01,C  Z7,C  Z7.Z7,Z7,C,0.8958904109589041,210,0.0
C,4,2017-01-01,C  Z7,C  Z7.Z7,Z7,P,0.8958904109589041,210,0.270399702
C,4,2017-01-01,C  Z7,C  Z7.Z7,Z7,C,0.8958904109589041,220,0.0
C,4,2017-01-01,C  Z7,C  Z7.Z7,Z7,P,0.8958904109589041,220,0.25103823399999997
C,4,2017-01-01,C  Z7,C  Z7.Z7,Z7,C,0.8958904109589041,230,0.0
C,4,2017-01-01,C  Z7,C  Z7.Z7,Z7,P,0.8958904109589041,230,0.245675737
C,4,2017-01-01,C  Z7,C  Z7.Z7,Z7,C,0.8958904109589041,240,0.0
C,4,2017-01-01,C  Z7,C  Z7.Z7,Z7,P,0.8958904109589041,240,0.236849173
C,4,2017-01-01,C  Z7,C  Z7.Z7,Z7,C,0.8958904109589041,250,0.180946049
C,4,2017-01-01,C  Z7,C  Z7.Z7,Z7,P,0.8958904109589041,250,0.226044217
C,4,2017-01-01,C  Z7,C  Z7.Z7,Z7,C,0.8958904109589041,260,0.180868678
C,4,2017-01-01,C  Z7,C  Z7.Z7,Z7,P,0.8958904109589041,260,0.213965102
C,4,2017-01-01,C  Z7,C  Z7.Z7,Z7,C,0.8958904109589041,270,0.182721665
C,4,2017-01-01,C  Z7,C  Z7.Z7,Z7,P,0.8958904109589041,270,0.210671976
C,4,2017-01-01,C  Z7,C  Z7.Z7,Z7,C,0.8958904109589041,280,0.182721408
C,4,2017-01-01,C  Z7,C  Z7.Z7,Z7,P,0.8958904109589041,280,0.203328078
C,4,2017-01-01,C  Z7,C  Z7.Z7,Z7,C,0.8958904109589041,290,0.18728641
C,4,2017-01-01,C  Z7,C  Z7.Z7,Z7,P,0.8958904109589041,290,0.201983197
C,4,2017-01-01,C  Z7,C  Z7.Z7,Z7,C,0.8958904109589041,300,0.19142796
C,4,2017-01-01,C  Z7,C  Z7.Z7,Z7,P,0.8958904109589041,300,0.20030912899999997
C,4,2017-01-01,C  Z7,C  Z7.Z7,Z7,C,0.8958904109589041,310,0.195946385
C,4,2017-01-01,C  Z7,C  Z7.Z7,Z7,P,0.8958904109589041,310,0.202880416
C,4,2017-01-01,C  Z7,C  Z7.Z7,Z7,C,0.8958904109589041,320,0.19979919100000001
C,4,2017-01-01,C  Z7,C  Z7.Z7,Z7,P,0.8958904109589041,320,0.20549837899999998
C,4,2017-01-01,C  Z7,C  Z7.Z7,Z7,C,0.8958904109589041,330,0.205245688
C,4,2017-01-01,C  Z7,C  Z7.Z7,Z7,P,0.8958904109589041,330,0.20889676
C,4,2017-01-01,C  Z7,C  Z7.Z7,Z7,C,0.8958904109589041,340,0.208228747
C,4,2017-01-01,C  Z7,C  Z7.Z7,Z7,P,0.8958904109589041,340,0.211476639
C,4,2017-01-01,C  Z7,C  Z7.Z7,Z7,C,0.8958904109589041,350,0.212385839
C,4,2017-01-01,C  Z7,C  Z7.Z7,Z7,P,0.8958904109589041,350,0.21436825899999998
C,4,2017-01-01,C  Z7,C  Z7.Z7,Z7,C,0.8958904109589041,360,0.216602865
C,4,2017-01-01,C  Z7,C  Z7.Z7,Z7,P,0.8958904109589041,360,0.217534321
C,4,2017-01-01,C  Z7,C  Z7.Z7,Z7,C,0.8958904109589041,370,0.22017851300000002
C,4,2017-01-01,C  Z7,C  Z7.Z7,Z7,P,0.8958904109589041,370,0.221073485
C,4,2017-01-01,C  Z7,C  Z7.Z7,Z7,C,0.8958904109589041,380,0.22430402300000002
C,4,2017-01-01,C  Z7,C  Z7.Z7,Z7,P,0.8958904109589041,380,0.22430402300000002
C,4,2017-01-01,C  Z7,C  Z7.Z7,Z7,C,0.8958904109589041,390,0.227509197
C,4,2017-01-01,C  Z7,C  Z7.Z7,Z7,P,0.8958904109589041,390,0.226637948
C,4,2017-01-01,C  Z7,C  Z7.Z7,Z7,C,0.8958904109589041,400,0.23098723100000002
C,4,2017-01-01,C  Z7,C  Z7.Z7,Z7,P,0.8958904109589041,400,0.23010915
C,4,2017-01-01,C  Z7,C  Z7.Z7,Z7,C,0.8958904109589041,410,0.23417009800000002
C,4,2017-01-01,C  Z7,C  Z7.Z7,Z7,P,0.8958904109589041,410,0.232379561
C,4,2017-01-01,C  Z7,C  Z7.Z7,Z7,C,0.8958904109589041,420,0.237359139
C,4,2017-01-01,C  Z7,C  Z7.Z7,Z7,P,0.8958904109589041,420,0.23459355399999998
C,4,2017-01-01,C  Z7,C  Z7.Z7,Z7,C,0.8958904109589041,430,0.240871896
C,4,2017-01-01,C  Z7,C  Z7.Z7,Z7,P,0.8958904109589041,430,0.238002674
C,4,2017-01-01,C  Z7,C  Z7.Z7,Z7,C,0.8958904109589041,440,0.244064287
C,4,2017-01-01,C  Z7,C  Z7.Z7,Z7,P,0.8958904109589041,440,0.24006406
C,4,2017-01-01,C  Z7,C  Z7.Z7,Z7,C,0.8958904109589041,450,0.247194114
C,4,2017-01-01,C  Z7,C  Z7.Z7,Z7,P,0.8958904109589041,450,0.242989653
C,4,2017-01-01,C  Z7,C  Z7.Z7,Z7,C,0.8958904109589041,460,0.251635405
C,4,2017-01-01,C  Z7,C  Z7.Z7,Z7,P,0.8958904109589041,460,0.24609653
C,4,2017-01-01,C  Z7,C  Z7.Z7,Z7,C,0.8958904109589041,470,0.254393756
C,4,2017-01-01,C  Z7,C  Z7.Z7,Z7,P,0.8958904109589041,470,0.248516223
C,4,2017-01-01,C  Z7,C  Z7.Z7,Z7,C,0.8958904109589041,480,0.257882543
C,4,2017-01-01,C  Z7,C  Z7.Z7,Z7,P,0.8958904109589041,480,0.250375599
C,4,2017-01-01,C  Z7,C  Z7.Z7,Z7,C,0.8958904109589041,490,0.261169747
C,4,2017-01-01,C  Z7,C  Z7.Z7,Z7,P,0.8958904109589041,490,0.25316815600000003
C,4,2017-01-01,C  Z7,C  Z7.Z7,Z7,C,0.8958904109589041,500,0.26443196399999996
C,4,2017-01-01,C  Z7,C  Z7.Z7,Z7,P,0.8958904109589041,500,0.254428272
C,4,2017-01-01,C  Z7,C  Z7.Z7,Z7,C,0.8958904109589041,510,0.26637744399999996
C,4,2017-01-01,C  Z7,C  Z7.Z7,Z7,P,0.8958904109589041,510,0.255593622
C,4,2017-01-01,C  Z7,C  Z7.Z7,Z7,C,0.8958904109589041,520,0.268516098
C,4,2017-01-01,C  Z7,C  Z7.Z7,Z7,P,0.8958904109589041,520,0.255139598
C,4,2017-01-01,C  Z7,C  Z7.Z7,Z7,C,0.8958904109589041,530,0.271086845
C,4,2017-01-01,C  Z7,C  Z7.Z7,Z7,P,0.8958904109589041,530,0.256638577
C,4,2017-01-01,C  Z7,C  Z7.Z7,Z7,C,0.8958904109589041,540,0.274360267
C,4,2017-01-01,C  Z7,C  Z7.Z7,Z7,P,0.8958904109589041,540,0.25881512
C,4,2017-01-01,C  Z7,C  Z7.Z7,Z7,C,0.8958904109589041,550,0.276673012
C,4,2017-01-01,C  Z7,C  Z7.Z7,Z7,P,0.8958904109589041,550,0.257522904
C,4,2017-01-01,C  Z7,C  Z7.Z7,Z7,C,0.8958904109589041,560,0.280074901
C,4,2017-01-01,C  Z7,C  Z7.Z7,Z7,P,0.8958904109589041,560,0.259436127
C,4,2017-01-01,C  Z7,C  Z7.Z7,Z7,C,0.8958904109589041,570,0.282675522
C,4,2017-01-01,C  Z7,C  Z7.Z7,Z7,P,0.8958904109589041,570,0.260247467
C,4,2017-01-01,C  Z7,C  Z7.Z7,Z7,C,0.8958904109589041,580,0.286832366
C,4,2017-01-01,C  Z7,C  Z7.Z7,Z7,P,0.8958904109589041,580,0.262838503
C,4,2017-01-01,C  Z7,C  Z7.Z7,Z7,C,0.8958904109589041,590,0.290405115
C,4,2017-01-01,C  Z7,C  Z7.Z7,Z7,P,0.8958904109589041,590,0.264589196
C,4,2017-01-01,C  Z7,C  Z7.Z7,Z7,C,0.8958904109589041,600,0.293369691
C,4,2017-01-01,C  Z7,C  Z7.Z7,Z7,P,0.8958904109589041,600,0.26165363
C,4,2017-01-01,C  Z7,C  Z7.Z7,Z7,C,0.8958904109589041,610,0.29569087
C,4,2017-01-01,C  Z7,C  Z7.Z7,Z7,P,0.8958904109589041,610,0.260852083
C,4,2017-01-01,C  Z7,C  Z7.Z7,Z7,C,0.8958904109589041,620,0.300399122
C,4,2017-01-01,C  Z7,C  Z7.Z7,Z7,P,0.8958904109589041,620,0.263389434
C,4,2017-01-01,C  Z7,C  Z7.Z7,Z7,C,0.8958904109589041,630,0.30474895399999996
C,4,2017-01-01,C  Z7,C  Z7.Z7,Z7,P,0.8958904109589041,630,0.26527882199999997
C,4,2017-01-01,C  Z7,C  Z7.Z7,Z7,C,0.8958904109589041,640,0.30874170300000003
C,4,2017-01-01,C  Z7,C  Z7.Z7,Z7,P,0.8958904109589041,640,0.266436288
C,4,2017-01-02,C  Z7,C  Z7.Z7,Z7,C,0.8931506849315068,180,0.0
C,4,2017-01-02,C  Z7,C  Z7.Z7,Z7,P,0.8931506849315068,180,0.30865223399999997
C,4,2017-01-02,C  Z7,C  Z7.Z7,Z7,C,0.8931506849315068,190,0.0
C,4,2017-01-02,C  Z7,C  Z7.Z7,Z7,P,0.8931506849315068,190,0.287808735
C,4,2017-01-02,C  Z7,C  Z7.Z7,Z7,C,0.8931506849315068,200,0.0
C,4,2017-01-02,C  Z7,C  Z7.Z7,Z7,P,0.8931506849315068,200,0.291101012
C,4,2017-01-02,C  Z7,C  Z7.Z7,Z7,C,0.8931506849315068,210,0.0
C,4,2017-01-02,C  Z7,C  Z7.Z7,Z7,P,0.8931506849315068,210,0.270814118
C,4,2017-01-02,C  Z7,C  Z7.Z7,Z7,C,0.8931506849315068,220,0.0
C,4,2017-01-02,C  Z7,C  Z7.Z7,Z7,P,0.8931506849315068,220,0.251422967
C,4,2017-01-02,C  Z7,C  Z7.Z7,Z7,C,0.8931506849315068,230,0.0
C,4,2017-01-02,C  Z7,C  Z7.Z7,Z7,P,0.8931506849315068,230,0.246052236
C,4,2017-01-02,C  Z7,C  Z7.Z7,Z7,C,0.8931506849315068,240,0.0
C,4,2017-01-02,C  Z7,C  Z7.Z7,Z7,P,0.8931506849315068,240,0.23721404100000001
C,4,2017-01-02,C  Z7,C  Z7.Z7,Z7,C,0.8931506849315068,250,0.181223336
C,4,2017-01-02,C  Z7,C  Z7.Z7,Z7,P,0.8931506849315068,250,0.22639062199999999
C,4,2017-01-02,C  Z7,C  Z7.Z7,Z7,C,0.8931506849315068,260,0.181145611
C,4,2017-01-02,C  Z7,C  Z7.Z7,Z7,P,0.8931506849315068,260,0.214293116
C,4,2017-01-02,C  Z7,C  Z7.Z7,Z7,C,0.8931506849315068,270,0.183001695
C,4,2017-01-02,C  Z7,C  Z7.Z7,Z7,P,0.8931506849315068,270,0.210994851
C,4,2017-01-02,C  Z7,C  Z7.Z7,Z7,C,0.8931506849315068,280,0.183001391
C,4,2017-01-02,C  Z7,C  Z7.Z7,Z7,P,0.8931506849315068,280,0.20363969199999998
C,4,2017-01-02,C  Z7,C  Z7.Z7,Z7,C,0.8931506849315068,290,0.18757343899999998
C,4,2017-01-02,C  Z7,C  Z7.Z7,Z7,P,0.8931506849315068,290,0.20229276
C,4,2017-01-02,C  Z7,C  Z7.Z7,Z7,C,0.8931506849315068,300,0.191721337
C,4,2017-01-02,C  Z7,C  Z7.Z7,Z7,P,0.8931506849315068,300,0.20061611699999998
C,4,2017-01-02,C  Z7,C  Z7.Z7,Z7,C,0.8931506849315068,310,0.196246686
C,4,2017-01-02,C  Z7,C  Z7.Z7,Z7,P,0.8931506849315068,310,0.203191328
C,4,2017-01-02,C  Z7,C  Z7.Z7,Z7,C,0.8931506849315068,320,0.20010545899999999
C,4,2017-01-02,C  Z7,C  Z7.Z7,Z7,P,0.8931506849315068,320,0.205813319
C,4,2017-01-02,C  Z7,C  Z7.Z7,Z7,C,0.8931506849315068,330,0.205560278
C,4,2017-01-02,C  Z7,C  Z7.Z7,Z7,P,0.8931506849315068,330,0.209216948
C,4,2017-01-02,C  Z7,C  Z7.Z7,Z7,C,0.8931506849315068,340,0.208547875
C,4,2017-01-02,C  Z7,C  Z7.Z7,Z7,P,0.8931506849315068,340,0.21180074399999999
C,4,2017-01-02,C  Z7,C  Z7.Z7,Z7,C,0.8931506849315068,350,0.212711335
C,4,2017-01-02,C  Z7,C  Z7.Z7,Z7,P,0.8931506849315068,350,0.214696793
C,4,2017-01-02,C  Z7,C  Z7.Z7,Z7,C,0.8931506849315068,360,0.216934825
C,4,2017-01-02,C  Z7,C  Z7.Z7,Z7,P,0.8931506849315068,360,0.217867707
C,4,2017-01-02,C  Z7,C  Z7.Z7,Z7,C,0.8931506849315068,370,0.22051595300000001
C,4,2017-01-02,C  Z7,C  Z7.Z7,Z7,P,0.8931506849315068,370,0.221412296
C,4,2017-01-02,C  Z7,C  Z7.Z7,Z7,C,0.8931506849315068,380,0.224647784
C,4,2017-01-02,C  Z7,C  Z7.Z7,Z7,P,0.8931506849315068,380,0.224647784
C,4,2017-01-02,C  Z7,C  Z7.Z7,Z7,C,0.8931506849315068,390,0.22785787100000002
C,4,2017-01-02,C  Z7,C  Z7.Z7,Z7,P,0.8931506849315068,390,0.226985286
C,4,2017-01-02,C  Z7,C  Z7.Z7,Z7,C,0.8931506849315068,400,0.231341235
C,4,2017-01-02,C  Z7,C  Z7.Z7,Z7,P,0.8931506849315068,400,0.23046180800000002
C,4,2017-01-02,C  Z7,C  Z7.Z7,Z7,C,0.8931506849315068,410,0.234528979
C,4,2017-01-02,C  Z7,C  Z7.Z7,Z7,P,0.8931506849315068,410,0.23273569800000002
C,4,2017-01-02,C  Z7,C  Z7.Z7,Z7,C,0.8931506849315068,420,0.237722908
C,4,2017-01-02,C  Z7,C  Z7.Z7,Z7,P,0.8931506849315068,420,0.234953085
C,4,2017-01-02,C  Z7,C  Z7.Z7,Z7,C,0.8931506849315068,430,0.24124105
C,4,2017-01-02,C  Z7,C  Z7.Z7,Z7,P,0.8931506849315068,430,0.238367432
C,4,2017-01-02,C  Z7,C  Z7.Z7,Z7,C,0.8931506849315068,440,0.24443834899999997
C,4,2017-01-02,C  Z7,C  Z7.Z7,Z7,P,0.8931506849315068,440,0.24043199399999998
C,4,2017-01-02,C  Z7,C  Z7.Z7,Z7,C,0.8931506849315068,450,0.247572955
C,4,2017-01-02,C  Z7,C  Z7.Z7,Z7,P,0.8931506849315068,450,0.24336205100000002
C,4,2017-01-02,C  Z7,C  Z7.Z7,Z7,C,0.8931506849315068,460,0.252021084
C,4,2017-01-02,C  Z7,C  Z7.Z7,Z7,P,0.8931506849315068,460,0.24647370899999999
C,4,2017-01-02,C  Z7,C  Z7.Z7,Z7,C,0.8931506849315068,470,0.254783631
C,4,2017-01-02,C  Z7,C  Z7.Z7,Z7,P,0.8931506849315068,470,0.24889709100000001
C,4,2017-01-02,C  Z7,C  Z7.Z7,Z7,C,0.8931506849315068,480,0.25827791899999997
C,4,2017-01-02,C  Z7,C  Z7.Z7,Z7,P,0.8931506849315068,480,0.250759305
C,4,2017-01-02,C  Z7,C  Z7.Z7,Z7,C,0.8931506849315068,490,0.261570007
C,4,2017-01-02,C  Z7,C  Z7.Z7,Z7,P,0.8931506849315068,490,0.253556144
C,4,2017-01-02,C  Z7,C  Z7.Z7,Z7,C,0.8931506849315068,500,0.264837224
C,4,2017-01-02,C  Z7,C  Z7.Z7,Z7,P,0.8931506849315068,500,0.254818202
C,4,2017-01-02,C  Z7,C  Z7.Z7,Z7,C,0.8931506849315068,510,0.266785697
C,4,2017-01-02,C  Z7,C  Z7.Z7,Z7,P,0.8931506849315068,510,0.255985332
C,4,2017-01-02,C  Z7,C  Z7.Z7,Z7,C,0.8931506849315068,520,0.268927608
C,4,2017-01-02,C  Z7,C  Z7.Z7,Z7,P,0.8931506849315068,520,0.255530617
C,4,2017-01-02,C  Z7,C  Z7.Z7,Z7,C,0.8931506849315068,530,0.271502201
C,4,2017-01-02,C  Z7,C  Z7.Z7,Z7,P,0.8931506849315068,530,0.25703189
C,4,2017-01-02,C  Z7,C  Z7.Z7,Z7,C,0.8931506849315068,540,0.274780778
C,4,2017-01-02,C  Z7,C  Z7.Z7,Z7,P,0.8931506849315068,540,0.259211805
C,4,2017-01-02,C  Z7,C  Z7.Z7,Z7,C,0.8931506849315068,550,0.27709703199999997
C,4,2017-01-02,C  Z7,C  Z7.Z7,Z7,P,0.8931506849315068,550,0.257917574
C,4,2017-01-02,C  Z7,C  Z7.Z7,Z7,C,0.8931506849315068,560,0.28050413
C,4,2017-01-02,C  Z7,C  Z7.Z7,Z7,P,0.8931506849315068,560,0.25983373
C,4,2017-01-02,C  Z7,C  Z7.Z7,Z7,C,0.8931506849315068,570,0.283108803
C,4,2017-01-02,C  Z7,C  Z7.Z7,Z7,P,0.8931506849315068,570,0.260646314
C,4,2017-01-02,C  Z7,C  Z7.Z7,Z7,C,0.8931506849315068,580,0.287271956
C,4,2017-01-02,C  Z7,C  Z7.Z7,Z7,P,0.8931506849315068,580,0.26324132
C,4,2017-01-02,C  Z7,C  Z7.Z7,Z7,C,0.8931506849315068,590,0.29085018
C,4,2017-01-02,C  Z7,C  Z7.Z7,Z7,P,0.8931506849315068,590,0.26499469800000003
C,4,2017-01-02,C  Z7,C  Z7.Z7,Z7,C,0.8931506849315068,600,0.29381929999999995
C,4,2017-01-02,C  Z7,C  Z7.Z7,Z7,P,0.8931506849315068,600,0.262054681
C,4,2017-01-02,C  Z7,C  Z7.Z7,Z7,C,0.8931506849315068,610,0.296144036
C,4,2017-01-02,C  Z7,C  Z7.Z7,Z7,P,0.8931506849315068,610,0.261252047
C,4,2017-01-02,C  Z7,C  Z7.Z7,Z7,C,0.8931506849315068,620,0.300859545
C,4,2017-01-02,C  Z7,C  Z7.Z7,Z7,P,0.8931506849315068,620,0.263793092
C,4,2017-01-02,C  Z7,C  Z7.Z7,Z7,C,0.8931506849315068,630,0.305216025
C,4,2017-01-02,C  Z7,C  Z7.Z7,Z7,P,0.8931506849315068,630,0.265685379
C,4,2017-01-02,C  Z7,C  Z7.Z7,Z7,C,0.8931506849315068,640,0.309214877
C,4,2017-01-02,C  Z7,C  Z7.Z7,Z7,P,0.8931506849315068,640,0.266844619
