value_date,vol_id,strike,call_put_id,settle_vol
2017-01-31,C  Z7.Z7,180,C,0.330311217
2017-01-31,C  Z7.Z7,180,P,0.330311217
2017-01-31,C  Z7.Z7,190,C,0.308522293
2017-01-31,C  Z7.Z7,190,P,0.308522293
2017-01-31,C  Z7.Z7,200,C,0.287827041
2017-01-31,C  Z7.Z7,200,P,0.287827041
2017-01-31,C  Z7.Z7,210,C,0.268109842
2017-01-31,C  Z7.Z7,210,P,0.268109842
2017-01-31,C  Z7.Z7,220,C,0.249270139
2017-01-31,C  Z7.Z7,220,P,0.249270139
2017-01-31,C  Z7.Z7,230,C,0.231218748
2017-01-31,C  Z7.Z7,230,P,0.231218748
2017-01-31,C  Z7.Z7,240,C,0.213882716
2017-01-31,C  Z7.Z7,240,P,0.213882716
2017-01-31,C  Z7.Z7,250,C,0.197193185
2017-01-31,C  Z7.Z7,250,P,0.197193185
2017-01-31,C  Z7.Z7,260,C,0.181087346
2017-01-31,C  Z7.Z7,260,P,0.197681549
2017-01-31,C  Z7.Z7,270,C,0.165510682
2017-01-31,C  Z7.Z7,270,P,0.191684265
2017-01-31,C  Z7.Z7,280,C,0.164649878
2017-01-31,C  Z7.Z7,280,P,0.189488293
2017-01-31,C  Z7.Z7,290,C,0.171788031
2017-01-31,C  Z7.Z7,290,P,0.191527318
2017-01-31,C  Z7.Z7,300,C,0.176555742
2017-01-31,C  Z7.Z7,300,P,0.190031669
2017-01-31,C  Z7.Z7,310,C,0.183608334
2017-01-31,C  Z7.Z7,310,P,0.193097277
2017-01-31,C  Z7.Z7,320,C,0.187770913
2017-01-31,C  Z7.Z7,320,P,0.195064356
2017-01-31,C  Z7.Z7,330,C,0.191235157
2017-01-31,C  Z7.Z7,330,P,0.195689716
2017-01-31,C  Z7.Z7,340,C,0.193713065
2017-01-31,C  Z7.Z7,340,P,0.197496941
2017-01-31,C  Z7.Z7,350,C,0.197444704
2017-01-31,C  Z7.Z7,350,P,0.199666748
2017-01-31,C  Z7.Z7,360,C,0.200895755
2017-01-31,C  Z7.Z7,360,P,0.202920196
2017-01-31,C  Z7.Z7,370,C,0.205133425
2017-01-31,C  Z7.Z7,370,P,0.20608326
2017-01-31,C  Z7.Z7,380,C,0.209330396
2017-01-31,C  Z7.Z7,380,P,0.209330396
2017-01-31,C  Z7.Z7,390,C,0.212905885
2017-01-31,C  Z7.Z7,390,P,0.212905885
2017-01-31,C  Z7.Z7,400,C,0.216226665
2017-01-31,C  Z7.Z7,400,P,0.215327553
2017-01-31,C  Z7.Z7,410,C,0.219651002
2017-01-31,C  Z7.Z7,410,P,0.218737707
2017-01-31,C  Z7.Z7,420,C,0.222629527
2017-01-31,C  Z7.Z7,420,P,0.220749613
2017-01-31,C  Z7.Z7,430,C,0.22549938
2017-01-31,C  Z7.Z7,430,P,0.222563888
2017-01-31,C  Z7.Z7,440,C,0.228623725
2017-01-31,C  Z7.Z7,440,P,0.225541601
2017-01-31,C  Z7.Z7,450,C,0.232417817
2017-01-31,C  Z7.Z7,450,P,0.228071815
2017-01-31,C  Z7.Z7,460,C,0.236222804
2017-01-31,C  Z7.Z7,460,P,0.231605144
2017-01-31,C  Z7.Z7,470,C,0.240385915
2017-01-31,C  Z7.Z7,470,P,0.234221166
2017-01-31,C  Z7.Z7,480,C,0.244000261
2017-01-31,C  Z7.Z7,480,P,0.237392981
2017-01-31,C  Z7.Z7,490,C,0.247247645
2017-01-31,C  Z7.Z7,490,P,0.238680958
2017-01-31,C  Z7.Z7,500,C,0.251825771
2017-01-31,C  Z7.Z7,500,P,0.242636178
2017-01-31,C  Z7.Z7,510,C,0.255068872
2017-01-31,C  Z7.Z7,510,P,0.245127323
2017-01-31,C  Z7.Z7,520,C,0.260350776
2017-01-31,C  Z7.Z7,520,P,0.247881037
2017-01-31,C  Z7.Z7,530,C,0.264640627
2017-01-31,C  Z7.Z7,530,P,0.251219364
2017-01-31,C  Z7.Z7,540,C,0.267896588
2017-01-31,C  Z7.Z7,540,P,0.253336664
2017-01-31,C  Z7.Z7,550,C,0.270046045
2017-01-31,C  Z7.Z7,550,P,0.251608351
2017-01-31,C  Z7.Z7,560,C,0.273299954
2017-01-31,C  Z7.Z7,560,P,0.25321225
2017-01-31,C  Z7.Z7,570,C,0.278077272
2017-01-31,C  Z7.Z7,570,P,0.256532831
2017-01-31,C  Z7.Z7,580,C,0.282208139
2017-01-31,C  Z7.Z7,580,P,0.258967257
2017-01-31,C  Z7.Z7,590,C,0.28566681
2017-01-31,C  Z7.Z7,590,P,0.260408503
2017-01-31,C  Z7.Z7,600,C,0.288414095
2017-01-31,C  Z7.Z7,600,P,0.260693396
2017-01-31,C  Z7.Z7,610,C,0.290394043
2017-01-31,C  Z7.Z7,610,P,0.254657952
2017-01-31,C  Z7.Z7,620,C,0.295002276
2017-01-31,C  Z7.Z7,620,P,0.25656982
2017-01-31,C  Z7.Z7,630,C,0.299196454
2017-01-31,C  Z7.Z7,630,P,0.25759318
2017-01-31,C  Z7.Z7,640,C,0.30296555
2017-01-31,C  Z7.Z7,640,P,0.257543774
2017-01-31,C  Z7.Z7,700,C,0.320964687
2017-01-31,C  Z7.Z7,700,P,0.244001444
2017-01-31,C  Z7.Z7,800,C,0.348887307
2017-01-31,C  Z7.Z7,800,P,0.291115283
2017-02-01,C  Z7.Z7,180,C,0.339284532
2017-02-01,C  Z7.Z7,180,P,0.339284532
2017-02-01,C  Z7.Z7,190,C,0.317516207
2017-02-01,C  Z7.Z7,190,P,0.317516207
2017-02-01,C  Z7.Z7,200,C,0.29684477
2017-02-01,C  Z7.Z7,200,P,0.29684477
2017-02-01,C  Z7.Z7,210,C,0.277154558
2017-02-01,C  Z7.Z7,210,P,0.277154558
2017-02-01,C  Z7.Z7,220,C,0.258345899
2017-02-01,C  Z7.Z7,220,P,0.258345899
2017-02-01,C  Z7.Z7,230,C,0.240331916
2017-02-01,C  Z7.Z7,230,P,0.240331916
2017-02-01,C  Z7.Z7,240,C,0.223036436
2017-02-01,C  Z7.Z7,240,P,0.223036436
2017-02-01,C  Z7.Z7,250,C,0.206392419
2017-02-01,C  Z7.Z7,250,P,0.22482429
2017-02-01,C  Z7.Z7,260,C,0.190337864
2017-02-01,C  Z7.Z7,260,P,0.207558322
2017-02-01,C  Z7.Z7,270,C,0.174819718
2017-02-01,C  Z7.Z7,270,P,0.202056317
2017-02-01,C  Z7.Z7,280,C,0.1597873
2017-02-01,C  Z7.Z7,280,P,0.200566759
2017-02-01,C  Z7.Z7,290,C,0.176369079
2017-02-01,C  Z7.Z7,290,P,0.194148805
2017-02-01,C  Z7.Z7,300,C,0.18074212
2017-02-01,C  Z7.Z7,300,P,0.196271347
2017-02-01,C  Z7.Z7,310,C,0.186450888
2017-02-01,C  Z7.Z7,310,P,0.19738284
2017-02-01,C  Z7.Z7,320,C,0.190765264
2017-02-01,C  Z7.Z7,320,P,0.199002427
2017-02-01,C  Z7.Z7,330,C,0.19339478
2017-02-01,C  Z7.Z7,330,P,0.199983394
2017-02-01,C  Z7.Z7,340,C,0.197236497
2017-02-01,C  Z7.Z7,340,P,0.201345019
2017-02-01,C  Z7.Z7,350,C,0.200101847
2017-02-01,C  Z7.Z7,350,P,0.203654869
2017-02-01,C  Z7.Z7,360,C,0.204211776
2017-02-01,C  Z7.Z7,360,P,0.206328894
2017-02-01,C  Z7.Z7,370,C,0.208201856
2017-02-01,C  Z7.Z7,370,P,0.209177334
2017-02-01,C  Z7.Z7,380,C,0.211292066
2017-02-01,C  Z7.Z7,380,P,0.212214786
2017-02-01,C  Z7.Z7,390,C,0.2155722
2017-02-01,C  Z7.Z7,390,P,0.2155722
2017-02-01,C  Z7.Z7,400,C,0.218588161
2017-02-01,C  Z7.Z7,400,P,0.218588161
2017-02-01,C  Z7.Z7,410,C,0.221558956
2017-02-01,C  Z7.Z7,410,P,0.220678619
2017-02-01,C  Z7.Z7,420,C,0.223901875
2017-02-01,C  Z7.Z7,420,P,0.22300802
2017-02-01,C  Z7.Z7,430,C,0.226815893
2017-02-01,C  Z7.Z7,430,P,0.224978856
2017-02-01,C  Z7.Z7,440,C,0.229734311
2017-02-01,C  Z7.Z7,440,P,0.227827815
2017-02-01,C  Z7.Z7,450,C,0.232999352
2017-02-01,C  Z7.Z7,450,P,0.230005447
2017-02-01,C  Z7.Z7,460,C,0.235956072
2017-02-01,C  Z7.Z7,460,P,0.232798005
2017-02-01,C  Z7.Z7,470,C,0.239985378
2017-02-01,C  Z7.Z7,470,P,0.235528617
2017-02-01,C  Z7.Z7,480,C,0.2432498
2017-02-01,C  Z7.Z7,480,P,0.238505332
2017-02-01,C  Z7.Z7,490,C,0.247146558
2017-02-01,C  Z7.Z7,490,P,0.240810345
2017-02-01,C  Z7.Z7,500,C,0.250743365
2017-02-01,C  Z7.Z7,500,P,0.242579207
2017-02-01,C  Z7.Z7,510,C,0.254230523
2017-02-01,C  Z7.Z7,510,P,0.245463306
2017-02-01,C  Z7.Z7,520,C,0.257819812
2017-02-01,C  Z7.Z7,520,P,0.24839436
2017-02-01,C  Z7.Z7,530,C,0.261749813
2017-02-01,C  Z7.Z7,530,P,0.24987817
2017-02-01,C  Z7.Z7,540,C,0.26453763
2017-02-01,C  Z7.Z7,540,P,0.251668295
2017-02-01,C  Z7.Z7,550,C,0.267994729
2017-02-01,C  Z7.Z7,550,P,0.254096893
2017-02-01,C  Z7.Z7,560,C,0.272444727
2017-02-01,C  Z7.Z7,560,P,0.255270593
2017-02-01,C  Z7.Z7,570,C,0.276090238
2017-02-01,C  Z7.Z7,570,P,0.257547589
2017-02-01,C  Z7.Z7,580,C,0.278888873
2017-02-01,C  Z7.Z7,580,P,0.258698703
2017-02-01,C  Z7.Z7,590,C,0.283253902
2017-02-01,C  Z7.Z7,590,P,0.258541304
2017-02-01,C  Z7.Z7,600,C,0.286998382
2017-02-01,C  Z7.Z7,600,P,0.260294846
2017-02-01,C  Z7.Z7,610,C,0.290097254
2017-02-01,C  Z7.Z7,610,P,0.261003052
2017-02-01,C  Z7.Z7,620,C,0.292508273
2017-02-01,C  Z7.Z7,620,P,0.26470494
2017-02-01,C  Z7.Z7,630,C,0.297368315
2017-02-01,C  Z7.Z7,630,P,0.263259071
2017-02-01,C  Z7.Z7,640,C,0.301851106
2017-02-01,C  Z7.Z7,640,P,0.265394444
2017-02-01,C  Z7.Z7,700,C,0.320274477
2017-02-01,C  Z7.Z7,700,P,0.254070066
2017-02-01,C  Z7.Z7,800,C,0.354918766
2017-02-01,C  Z7.Z7,800,P,0.282935165
2017-02-02,C  Z7.Z7,180,C,0.338238234
2017-02-02,C  Z7.Z7,180,P,0.338238234
2017-02-02,C  Z7.Z7,190,C,0.316421934
2017-02-02,C  Z7.Z7,190,P,0.316421934
2017-02-02,C  Z7.Z7,200,C,0.295704369
2017-02-02,C  Z7.Z7,200,P,0.295704369
2017-02-02,C  Z7.Z7,210,C,0.27596929
2017-02-02,C  Z7.Z7,210,P,0.27596929
2017-02-02,C  Z7.Z7,220,C,0.257116791
2017-02-02,C  Z7.Z7,220,P,0.257116791
2017-02-02,C  Z7.Z7,230,C,0.239059791
2017-02-02,C  Z7.Z7,230,P,0.259967746
2017-02-02,C  Z7.Z7,240,C,0.221721887
2017-02-02,C  Z7.Z7,240,P,0.24133003
2017-02-02,C  Z7.Z7,250,C,0.205035631
2017-02-02,C  Z7.Z7,250,P,0.223387126
2017-02-02,C  Z7.Z7,260,C,0.188939231
2017-02-02,C  Z7.Z7,260,P,0.218013053
2017-02-02,C  Z7.Z7,270,C,0.173378957
2017-02-02,C  Z7.Z7,270,P,0.209382903
2017-02-02,C  Z7.Z7,280,C,0.173101344
2017-02-02,C  Z7.Z7,280,P,0.205098334
2017-02-02,C  Z7.Z7,290,C,0.181204132
2017-02-02,C  Z7.Z7,290,P,0.201662084
2017-02-02,C  Z7.Z7,300,C,0.186936568
2017-02-02,C  Z7.Z7,300,P,0.200907816
2017-02-02,C  Z7.Z7,310,C,0.189860653
2017-02-02,C  Z7.Z7,310,P,0.200161255
2017-02-02,C  Z7.Z7,320,C,0.192497021
2017-02-02,C  Z7.Z7,320,P,0.200447705
2017-02-02,C  Z7.Z7,330,C,0.194010536
2017-02-02,C  Z7.Z7,330,P,0.200450733
2017-02-02,C  Z7.Z7,340,C,0.19833352
2017-02-02,C  Z7.Z7,340,P,0.202363654
2017-02-02,C  Z7.Z7,350,C,0.20149316
2017-02-02,C  Z7.Z7,350,P,0.204994604
2017-02-02,C  Z7.Z7,360,C,0.205784469
2017-02-02,C  Z7.Z7,360,P,0.207881317
2017-02-02,C  Z7.Z7,370,C,0.209932205
2017-02-02,C  Z7.Z7,370,P,0.210902779
2017-02-02,C  Z7.Z7,380,C,0.213189229
2017-02-02,C  Z7.Z7,380,P,0.214110903
2017-02-02,C  Z7.Z7,390,C,0.217664663
2017-02-02,C  Z7.Z7,390,P,0.217664663
2017-02-02,C  Z7.Z7,400,C,0.220920175
2017-02-02,C  Z7.Z7,400,P,0.220920175
2017-02-02,C  Z7.Z7,410,C,0.224188462
2017-02-02,C  Z7.Z7,410,P,0.223301332
2017-02-02,C  Z7.Z7,420,C,0.226895544
2017-02-02,C  Z7.Z7,420,P,0.22509041
2017-02-02,C  Z7.Z7,430,C,0.230266664
2017-02-02,C  Z7.Z7,430,P,0.22840996
2017-02-02,C  Z7.Z7,440,C,0.233745405
2017-02-02,C  Z7.Z7,440,P,0.230852735
2017-02-02,C  Z7.Z7,450,C,0.23668759
2017-02-02,C  Z7.Z7,450,P,0.233658388
2017-02-02,C  Z7.Z7,460,C,0.240407663
2017-02-02,C  Z7.Z7,460,P,0.236151401
2017-02-02,C  Z7.Z7,470,C,0.244241579
2017-02-02,C  Z7.Z7,470,P,0.239738859
2017-02-02,C  Z7.Z7,480,C,0.247326915
2017-02-02,C  Z7.Z7,480,P,0.24132439
2017-02-02,C  Z7.Z7,490,C,0.251075124
2017-02-02,C  Z7.Z7,490,P,0.24467341
2017-02-02,C  Z7.Z7,500,C,0.25453836
2017-02-02,C  Z7.Z7,500,P,0.246291281
2017-02-02,C  Z7.Z7,510,C,0.257906734
2017-02-02,C  Z7.Z7,510,P,0.249052077
2017-02-02,C  Z7.Z7,520,C,0.261391676
2017-02-02,C  Z7.Z7,520,P,0.25187335
2017-02-02,C  Z7.Z7,530,C,0.26523219
2017-02-02,C  Z7.Z7,530,P,0.253245351
2017-02-02,C  Z7.Z7,540,C,0.267929518
2017-02-02,C  Z7.Z7,540,P,0.25493859
2017-02-02,C  Z7.Z7,550,C,0.271311162
2017-02-02,C  Z7.Z7,550,P,0.257282635
2017-02-02,C  Z7.Z7,560,C,0.275702629
2017-02-02,C  Z7.Z7,560,P,0.25836931
2017-02-02,C  Z7.Z7,570,C,0.279288491
2017-02-02,C  Z7.Z7,570,P,0.260576874
2017-02-02,C  Z7.Z7,580,C,0.282025691
2017-02-02,C  Z7.Z7,580,P,0.261654428
2017-02-02,C  Z7.Z7,590,C,0.286348832
2017-02-02,C  Z7.Z7,590,P,0.264516737
2017-02-02,C  Z7.Z7,600,C,0.290049926
2017-02-02,C  Z7.Z7,600,P,0.263113836
2017-02-02,C  Z7.Z7,610,C,0.293104316
2017-02-02,C  Z7.Z7,610,P,0.263760789
2017-02-02,C  Z7.Z7,620,C,0.295469152
2017-02-02,C  Z7.Z7,620,P,0.263150921
2017-02-02,C  Z7.Z7,630,C,0.300306256
2017-02-02,C  Z7.Z7,630,P,0.265912169
2017-02-02,C  Z7.Z7,640,C,0.304765731
2017-02-02,C  Z7.Z7,640,P,0.26800935
2017-02-02,C  Z7.Z7,700,C,0.323031856
2017-02-02,C  Z7.Z7,700,P,0.256318991
2017-02-02,C  Z7.Z7,800,C,0.35756512
2017-02-02,C  Z7.Z7,800,P,0.285087844
2017-02-05,C  Z7.Z7,180,C,0.338333173
2017-02-05,C  Z7.Z7,180,P,0.338333173
2017-02-05,C  Z7.Z7,190,C,0.316394081
2017-02-05,C  Z7.Z7,190,P,0.316394081
2017-02-05,C  Z7.Z7,200,C,0.295559024
2017-02-05,C  Z7.Z7,200,P,0.295559024
2017-02-05,C  Z7.Z7,210,C,0.275711097
2017-02-05,C  Z7.Z7,210,P,0.275711097
2017-02-05,C  Z7.Z7,220,C,0.25674979
2017-02-05,C  Z7.Z7,220,P,0.25674979
2017-02-05,C  Z7.Z7,230,C,0.238587509
2017-02-05,C  Z7.Z7,230,P,0.259494277
2017-02-05,C  Z7.Z7,240,C,0.221147353
2017-02-05,C  Z7.Z7,240,P,0.24074531
2017-02-05,C  Z7.Z7,250,C,0.204361315
2017-02-05,C  Z7.Z7,250,P,0.222693708
2017-02-05,C  Z7.Z7,260,C,0.188167376
2017-02-05,C  Z7.Z7,260,P,0.217197549
2017-02-05,C  Z7.Z7,270,C,0.172510995
2017-02-05,C  Z7.Z7,270,P,0.208441367
2017-02-05,C  Z7.Z7,280,C,0.17209177
2017-02-05,C  Z7.Z7,280,P,0.20401389
2017-02-05,C  Z7.Z7,290,C,0.180012339
2017-02-05,C  Z7.Z7,290,P,0.200419559
2017-02-05,C  Z7.Z7,300,C,0.185548151
2017-02-05,C  Z7.Z7,300,P,0.199484401
2017-02-05,C  Z7.Z7,310,C,0.18826147
2017-02-05,C  Z7.Z7,310,P,0.198536488
2017-02-05,C  Z7.Z7,320,C,0.192689865
2017-02-05,C  Z7.Z7,320,P,0.200512656
2017-02-05,C  Z7.Z7,330,C,0.195156668
2017-02-05,C  Z7.Z7,330,P,0.20148119
2017-02-05,C  Z7.Z7,340,C,0.198630803
2017-02-05,C  Z7.Z7,340,P,0.202619278
2017-02-05,C  Z7.Z7,350,C,0.202270535
2017-02-05,C  Z7.Z7,350,P,0.205745185
2017-02-05,C  Z7.Z7,360,C,0.206884522
2017-02-05,C  Z7.Z7,360,P,0.208972615
2017-02-05,C  Z7.Z7,370,C,0.210318
2017-02-05,C  Z7.Z7,370,P,0.21225857
2017-02-05,C  Z7.Z7,380,C,0.214782342
2017-02-05,C  Z7.Z7,380,P,0.215706823
2017-02-05,C  Z7.Z7,390,C,0.218606804
2017-02-05,C  Z7.Z7,390,P,0.218606804
2017-02-05,C  Z7.Z7,400,C,0.221251823
2017-02-05,C  Z7.Z7,400,P,0.221251823
2017-02-05,C  Z7.Z7,410,C,0.224829381
2017-02-05,C  Z7.Z7,410,P,0.223931636
2017-02-05,C  Z7.Z7,420,C,0.226963842
2017-02-05,C  Z7.Z7,420,P,0.226047978
2017-02-05,C  Z7.Z7,430,C,0.230714833
2017-02-05,C  Z7.Z7,430,P,0.227880466
2017-02-05,C  Z7.Z7,440,C,0.23366348
2017-02-05,C  Z7.Z7,440,P,0.230711517
2017-02-05,C  Z7.Z7,450,C,0.236055613
2017-02-05,C  Z7.Z7,450,P,0.232953209
2017-02-05,C  Z7.Z7,460,C,0.240315965
2017-02-05,C  Z7.Z7,460,P,0.235949755
2017-02-05,C  Z7.Z7,470,C,0.243651648
2017-02-05,C  Z7.Z7,470,P,0.237846079
2017-02-05,C  Z7.Z7,480,C,0.247426214
2017-02-05,C  Z7.Z7,480,P,0.241241083
2017-02-05,C  Z7.Z7,490,C,0.250717905
2017-02-05,C  Z7.Z7,490,P,0.244095835
2017-02-05,C  Z7.Z7,500,C,0.253699603
2017-02-05,C  Z7.Z7,500,P,0.246578998
2017-02-05,C  Z7.Z7,510,C,0.258061359
2017-02-05,C  Z7.Z7,510,P,0.248879398
2017-02-05,C  Z7.Z7,520,C,0.261132509
2017-02-05,C  Z7.Z7,520,P,0.251218162
2017-02-05,C  Z7.Z7,530,C,0.264560459
2017-02-05,C  Z7.Z7,530,P,0.252005075
2017-02-05,C  Z7.Z7,540,C,0.268626383
2017-02-05,C  Z7.Z7,540,P,0.255116601
2017-02-05,C  Z7.Z7,550,C,0.271674461
2017-02-05,C  Z7.Z7,550,P,0.257021332
2017-02-05,C  Z7.Z7,560,C,0.275764707
2017-02-05,C  Z7.Z7,560,P,0.257566057
2017-02-05,C  Z7.Z7,570,C,0.279007245
2017-02-05,C  Z7.Z7,570,P,0.259249152
2017-02-05,C  Z7.Z7,580,C,0.283775551
2017-02-05,C  Z7.Z7,580,P,0.259674167
2017-02-05,C  Z7.Z7,590,C,0.285337226
2017-02-05,C  Z7.Z7,590,P,0.2619661
2017-02-05,C  Z7.Z7,600,C,0.28866656
2017-02-05,C  Z7.Z7,600,P,0.263271898
2017-02-05,C  Z7.Z7,610,C,0.294258436
2017-02-05,C  Z7.Z7,610,P,0.263424611
2017-02-05,C  Z7.Z7,620,C,0.296360765
2017-02-05,C  Z7.Z7,620,P,0.266767524
2017-02-05,C  Z7.Z7,630,C,0.301040673
2017-02-05,C  Z7.Z7,630,P,0.264477742
2017-02-05,C  Z7.Z7,640,C,0.305325775
2017-02-05,C  Z7.Z7,640,P,0.266032659
2017-02-05,C  Z7.Z7,700,C,0.326922651
2017-02-05,C  Z7.Z7,700,P,0.259467899
2017-02-05,C  Z7.Z7,800,C,0.361461866
2017-02-05,C  Z7.Z7,800,P,0.288239255
2017-02-06,C  Z7.Z7,180,C,0.338208068
2017-02-06,C  Z7.Z7,180,P,0.338208068
2017-02-06,C  Z7.Z7,190,C,0.316226521
2017-02-06,C  Z7.Z7,190,P,0.316226521
2017-02-06,C  Z7.Z7,200,C,0.295350787
2017-02-06,C  Z7.Z7,200,P,0.295350787
2017-02-06,C  Z7.Z7,210,C,0.275463702
2017-02-06,C  Z7.Z7,210,P,0.275463702
2017-02-06,C  Z7.Z7,220,C,0.256464546
2017-02-06,C  Z7.Z7,220,P,0.256464546
2017-02-06,C  Z7.Z7,230,C,0.238266048
2017-02-06,C  Z7.Z7,230,P,0.238266048
2017-02-06,C  Z7.Z7,240,C,0.220789633
2017-02-06,C  Z7.Z7,240,P,0.240373464
2017-02-06,C  Z7.Z7,250,C,0.203968572
2017-02-06,C  Z7.Z7,250,P,0.222283591
2017-02-06,C  Z7.Z7,260,C,0.187740285
2017-02-06,C  Z7.Z7,260,P,0.216737106
2017-02-06,C  Z7.Z7,270,C,0.172051015
2017-02-06,C  Z7.Z7,270,P,0.215505408
2017-02-06,C  Z7.Z7,280,C,0.181878806
2017-02-06,C  Z7.Z7,280,P,0.20908713
2017-02-06,C  Z7.Z7,290,C,0.18520284
2017-02-06,C  Z7.Z7,290,P,0.20400904
2017-02-06,C  Z7.Z7,300,C,0.188574286
2017-02-06,C  Z7.Z7,300,P,0.201910469
2017-02-06,C  Z7.Z7,310,C,0.19013738
2017-02-06,C  Z7.Z7,310,P,0.200152181
2017-02-06,C  Z7.Z7,320,C,0.191795794
2017-02-06,C  Z7.Z7,320,P,0.199606453
2017-02-06,C  Z7.Z7,330,C,0.194146496
2017-02-06,C  Z7.Z7,330,P,0.198902341
2017-02-06,C  Z7.Z7,340,C,0.197489333
2017-02-06,C  Z7.Z7,340,P,0.20147308
2017-02-06,C  Z7.Z7,350,C,0.203299583
2017-02-06,C  Z7.Z7,350,P,0.205606603
2017-02-06,C  Z7.Z7,360,C,0.206477276
2017-02-06,C  Z7.Z7,360,P,0.208562562
2017-02-06,C  Z7.Z7,370,C,0.210627067
2017-02-06,C  Z7.Z7,370,P,0.211597096
2017-02-06,C  Z7.Z7,380,C,0.213875765
2017-02-06,C  Z7.Z7,380,P,0.214801282
2017-02-06,C  Z7.Z7,390,C,0.218357387
2017-02-06,C  Z7.Z7,390,P,0.218357387
2017-02-06,C  Z7.Z7,400,C,0.220739952
2017-02-06,C  Z7.Z7,400,P,0.220739952
2017-02-06,C  Z7.Z7,410,C,0.224059201
2017-02-06,C  Z7.Z7,410,P,0.223156988
2017-02-06,C  Z7.Z7,420,C,0.226842551
2017-02-06,C  Z7.Z7,420,P,0.22499922
2017-02-06,C  Z7.Z7,430,C,0.229399752
2017-02-06,C  Z7.Z7,430,P,0.227495217
2017-02-06,C  Z7.Z7,440,C,0.233046408
2017-02-06,C  Z7.Z7,440,P,0.230067364
2017-02-06,C  Z7.Z7,450,C,0.236211632
2017-02-06,C  Z7.Z7,450,P,0.233081277
2017-02-06,C  Z7.Z7,460,C,0.239170874
2017-02-06,C  Z7.Z7,460,P,0.234747175
2017-02-06,C  Z7.Z7,470,C,0.243389694
2017-02-06,C  Z7.Z7,470,P,0.238696483
2017-02-06,C  Z7.Z7,480,C,0.246948265
2017-02-06,C  Z7.Z7,480,P,0.240675006
2017-02-06,C  Z7.Z7,490,C,0.25000725
2017-02-06,C  Z7.Z7,490,P,0.243276924
2017-02-06,C  Z7.Z7,500,C,0.254162039
2017-02-06,C  Z7.Z7,500,P,0.245484458
2017-02-06,C  Z7.Z7,510,C,0.256867413
2017-02-06,C  Z7.Z7,510,P,0.247484432
2017-02-06,C  Z7.Z7,520,C,0.261301524
2017-02-06,C  Z7.Z7,520,P,0.251237682
2017-02-06,C  Z7.Z7,530,C,0.264572291
2017-02-06,C  Z7.Z7,530,P,0.251801977
2017-02-06,C  Z7.Z7,540,C,0.268487681
2017-02-06,C  Z7.Z7,540,P,0.254721236
2017-02-06,C  Z7.Z7,550,C,0.273370363
2017-02-06,C  Z7.Z7,550,P,0.258643707
2017-02-06,C  Z7.Z7,560,C,0.277438587
2017-02-06,C  Z7.Z7,560,P,0.259149764
2017-02-06,C  Z7.Z7,570,C,0.280657912
2017-02-06,C  Z7.Z7,570,P,0.260802914
2017-02-06,C  Z7.Z7,580,C,0.282969413
2017-02-06,C  Z7.Z7,580,P,0.261194481
2017-02-06,C  Z7.Z7,590,C,0.28694732
2017-02-06,C  Z7.Z7,590,P,0.263464518
2017-02-06,C  Z7.Z7,600,C,0.290260321
2017-02-06,C  Z7.Z7,600,P,0.264746015
2017-02-06,C  Z7.Z7,610,C,0.292867402
2017-02-06,C  Z7.Z7,610,P,0.264870317
2017-02-06,C  Z7.Z7,620,C,0.297931712
2017-02-06,C  Z7.Z7,620,P,0.263576395
2017-02-06,C  Z7.Z7,630,C,0.29921813
2017-02-06,C  Z7.Z7,630,P,0.260414803
2017-02-06,C  Z7.Z7,640,C,0.303315104
2017-02-06,C  Z7.Z7,640,P,0.261319869
2017-02-06,C  Z7.Z7,700,C,0.323523105
2017-02-06,C  Z7.Z7,700,P,0.260703702
2017-02-06,C  Z7.Z7,800,C,0.362971502
2017-02-06,C  Z7.Z7,800,P,0.289461432
2017-02-07,C  Z7.Z7,180,C,0.342776767
2017-02-07,C  Z7.Z7,180,P,0.342776767
2017-02-07,C  Z7.Z7,190,C,0.320783495
2017-02-07,C  Z7.Z7,190,P,0.320783495
2017-02-07,C  Z7.Z7,200,C,0.299899839
2017-02-07,C  Z7.Z7,200,P,0.299899839
2017-02-07,C  Z7.Z7,210,C,0.280007002
2017-02-07,C  Z7.Z7,210,P,0.280007002
2017-02-07,C  Z7.Z7,220,C,0.261004772
2017-02-07,C  Z7.Z7,220,P,0.261004772
2017-02-07,C  Z7.Z7,230,C,0.242805399
2017-02-07,C  Z7.Z7,230,P,0.242805399
2017-02-07,C  Z7.Z7,240,C,0.225331899
2017-02-07,C  Z7.Z7,240,P,0.245218531
2017-02-07,C  Z7.Z7,250,C,0.208516783
2017-02-07,C  Z7.Z7,250,P,0.227138152
2017-02-07,C  Z7.Z7,260,C,0.192296799
2017-02-07,C  Z7.Z7,260,P,0.221811775
2017-02-07,C  Z7.Z7,270,C,0.176618528
2017-02-07,C  Z7.Z7,270,P,0.213188773
2017-02-07,C  Z7.Z7,280,C,0.176477101
2017-02-07,C  Z7.Z7,280,P,0.208987842
2017-02-07,C  Z7.Z7,290,C,0.184872712
2017-02-07,C  Z7.Z7,290,P,0.205660876
2017-02-07,C  Z7.Z7,300,C,0.186867551
2017-02-07,C  Z7.Z7,300,P,0.20175131
2017-02-07,C  Z7.Z7,310,C,0.191253548
2017-02-07,C  Z7.Z7,310,P,0.201995663
2017-02-07,C  Z7.Z7,320,C,0.192728595
2017-02-07,C  Z7.Z7,320,P,0.201050465
2017-02-07,C  Z7.Z7,330,C,0.19707181
2017-02-07,C  Z7.Z7,330,P,0.202041573
2017-02-07,C  Z7.Z7,340,C,0.199267016
2017-02-07,C  Z7.Z7,340,P,0.203417234
2017-02-07,C  Z7.Z7,350,C,0.202161404
2017-02-07,C  Z7.Z7,350,P,0.205750998
2017-02-07,C  Z7.Z7,360,C,0.205241855
2017-02-07,C  Z7.Z7,360,P,0.207383667
2017-02-07,C  Z7.Z7,370,C,0.208371867
2017-02-07,C  Z7.Z7,370,P,0.210344642
2017-02-07,C  Z7.Z7,380,C,0.21253428
2017-02-07,C  Z7.Z7,380,P,0.213466657
2017-02-07,C  Z7.Z7,390,C,0.21688941
2017-02-07,C  Z7.Z7,390,P,0.21688941
2017-02-07,C  Z7.Z7,400,C,0.219949608
2017-02-07,C  Z7.Z7,400,P,0.219949608
2017-02-07,C  Z7.Z7,410,C,0.223839211
2017-02-07,C  Z7.Z7,410,P,0.222949814
2017-02-07,C  Z7.Z7,420,C,0.228011572
2017-02-07,C  Z7.Z7,420,P,0.227109043
2017-02-07,C  Z7.Z7,430,C,0.231003947
2017-02-07,C  Z7.Z7,430,P,0.229150252
2017-02-07,C  Z7.Z7,440,C,0.234020905
2017-02-07,C  Z7.Z7,440,P,0.232098705
2017-02-07,C  Z7.Z7,450,C,0.236402525
2017-02-07,C  Z7.Z7,450,P,0.233382486
2017-02-07,C  Z7.Z7,460,C,0.239440917
2017-02-07,C  Z7.Z7,460,P,0.235194095
2017-02-07,C  Z7.Z7,470,C,0.242455334
2017-02-07,C  Z7.Z7,470,P,0.237952681
2017-02-07,C  Z7.Z7,480,C,0.245754284
2017-02-07,C  Z7.Z7,480,P,0.239750071
2017-02-07,C  Z7.Z7,490,C,0.249690089
2017-02-07,C  Z7.Z7,490,P,0.243288136
2017-02-07,C  Z7.Z7,500,C,0.253323939
2017-02-07,C  Z7.Z7,500,P,0.246471729
2017-02-07,C  Z7.Z7,510,C,0.256847031
2017-02-07,C  Z7.Z7,510,P,0.247989671
2017-02-07,C  Z7.Z7,520,C,0.258920108
2017-02-07,C  Z7.Z7,520,P,0.249312427
2017-02-07,C  Z7.Z7,530,C,0.262782407
2017-02-07,C  Z7.Z7,530,P,0.250659823
2017-02-07,C  Z7.Z7,540,C,0.267260219
2017-02-07,C  Z7.Z7,540,P,0.254259981
2017-02-07,C  Z7.Z7,550,C,0.270752801
2017-02-07,C  Z7.Z7,550,P,0.256712006
2017-02-07,C  Z7.Z7,560,C,0.275248761
2017-02-07,C  Z7.Z7,560,P,0.260203754
2017-02-07,C  Z7.Z7,570,C,0.278931722
2017-02-07,C  Z7.Z7,570,P,0.260198225
2017-02-07,C  Z7.Z7,580,C,0.281758982
2017-02-07,C  Z7.Z7,580,P,0.261361195
2017-02-07,C  Z7.Z7,590,C,0.28616924
2017-02-07,C  Z7.Z7,590,P,0.264305476
2017-02-07,C  Z7.Z7,600,C,0.289952104
2017-02-07,C  Z7.Z7,600,P,0.266381329
2017-02-07,C  Z7.Z7,610,C,0.293082896
2017-02-07,C  Z7.Z7,610,P,0.267477881
2017-02-07,C  Z7.Z7,620,C,0.298506919
2017-02-07,C  Z7.Z7,620,P,0.267429247
2017-02-07,C  Z7.Z7,630,C,0.300428983
2017-02-07,C  Z7.Z7,630,P,0.265968449
2017-02-07,C  Z7.Z7,640,C,0.304957781
2017-02-07,C  Z7.Z7,640,P,0.268125841
2017-02-07,C  Z7.Z7,700,C,0.323570699
2017-02-07,C  Z7.Z7,700,P,0.256685127
2017-02-07,C  Z7.Z7,800,C,0.358571729
2017-02-07,C  Z7.Z7,800,P,0.28584671
2017-02-08,C  Z7.Z7,180,C,0.344533877
2017-02-08,C  Z7.Z7,180,P,0.344533877
2017-02-08,C  Z7.Z7,190,C,0.322510772
2017-02-08,C  Z7.Z7,190,P,0.322510772
2017-02-08,C  Z7.Z7,200,C,0.301598542
2017-02-08,C  Z7.Z7,200,P,0.301598542
2017-02-08,C  Z7.Z7,210,C,0.281679553
2017-02-08,C  Z7.Z7,210,P,0.281679553
2017-02-08,C  Z7.Z7,220,C,0.262653008
2017-02-08,C  Z7.Z7,220,P,0.262653008
2017-02-08,C  Z7.Z7,230,C,0.2444311
2017-02-08,C  Z7.Z7,230,P,0.2444311
2017-02-08,C  Z7.Z7,240,C,0.226936756
2017-02-08,C  Z7.Z7,240,P,0.226936756
2017-02-08,C  Z7.Z7,250,C,0.210102689
2017-02-08,C  Z7.Z7,250,P,0.228836118
2017-02-08,C  Z7.Z7,260,C,0.193864979
2017-02-08,C  Z7.Z7,260,P,0.223567074
2017-02-08,C  Z7.Z7,270,C,0.178171295
2017-02-08,C  Z7.Z7,270,P,0.214986839
2017-02-08,C  Z7.Z7,280,C,0.178127756
2017-02-08,C  Z7.Z7,280,P,0.21086419
2017-02-08,C  Z7.Z7,290,C,0.186695579
2017-02-08,C  Z7.Z7,290,P,0.207629326
2017-02-08,C  Z7.Z7,300,C,0.188829786
2017-02-08,C  Z7.Z7,300,P,0.203819626
2017-02-08,C  Z7.Z7,310,C,0.190483016
2017-02-08,C  Z7.Z7,310,P,0.20160686
2017-02-08,C  Z7.Z7,320,C,0.195030859
2017-02-08,C  Z7.Z7,320,P,0.203410997
2017-02-08,C  Z7.Z7,330,C,0.196168482
2017-02-08,C  Z7.Z7,330,P,0.202930929
2017-02-08,C  Z7.Z7,340,C,0.200580692
2017-02-08,C  Z7.Z7,340,P,0.204780047
2017-02-08,C  Z7.Z7,350,C,0.202699118
2017-02-08,C  Z7.Z7,350,P,0.206330741
2017-02-08,C  Z7.Z7,360,C,0.207392863
2017-02-08,C  Z7.Z7,360,P,0.209549309
2017-02-08,C  Z7.Z7,370,C,0.210906598
2017-02-08,C  Z7.Z7,370,P,0.212889412
2017-02-08,C  Z7.Z7,380,C,0.214520369
2017-02-08,C  Z7.Z7,380,P,0.215456104
2017-02-08,C  Z7.Z7,390,C,0.21840015
2017-02-08,C  Z7.Z7,390,P,0.21840015
2017-02-08,C  Z7.Z7,400,C,0.221012213
2017-02-08,C  Z7.Z7,400,P,0.221012213
2017-02-08,C  Z7.Z7,410,C,0.224450077
2017-02-08,C  Z7.Z7,410,P,0.223562852
2017-02-08,C  Z7.Z7,420,C,0.227239758
2017-02-08,C  Z7.Z7,420,P,0.226340708
2017-02-08,C  Z7.Z7,430,C,0.230599103
2017-02-08,C  Z7.Z7,430,P,0.228755348
2017-02-08,C  Z7.Z7,440,C,0.233966008
2017-02-08,C  Z7.Z7,440,P,0.232057089
2017-02-08,C  Z7.Z7,450,C,0.236693939
2017-02-08,C  Z7.Z7,450,P,0.233700143
2017-02-08,C  Z7.Z7,460,C,0.240073167
2017-02-08,C  Z7.Z7,460,P,0.236923218
2017-02-08,C  Z7.Z7,470,C,0.242320512
2017-02-08,C  Z7.Z7,470,P,0.237863338
2017-02-08,C  Z7.Z7,480,C,0.245895443
2017-02-08,C  Z7.Z7,480,P,0.241158174
2017-02-08,C  Z7.Z7,490,C,0.250101377
2017-02-08,C  Z7.Z7,490,P,0.243785678
2017-02-08,C  Z7.Z7,500,C,0.252675426
2017-02-08,C  Z7.Z7,500,P,0.245890762
2017-02-08,C  Z7.Z7,510,C,0.256387861
2017-02-08,C  Z7.Z7,510,P,0.247630495
2017-02-08,C  Z7.Z7,520,C,0.258666078
2017-02-08,C  Z7.Z7,520,P,0.24918247
2017-02-08,C  Z7.Z7,530,C,0.26271306
2017-02-08,C  Z7.Z7,530,P,0.250766936
2017-02-08,C  Z7.Z7,540,C,0.267366783
2017-02-08,C  Z7.Z7,540,P,0.254574707
2017-02-08,C  Z7.Z7,550,C,0.271050328
2017-02-08,C  Z7.Z7,550,P,0.257262272
2017-02-08,C  Z7.Z7,560,C,0.275721478
2017-02-08,C  Z7.Z7,560,P,0.260977197
2017-02-08,C  Z7.Z7,570,C,0.279595187
2017-02-08,C  Z7.Z7,570,P,0.26128828
2017-02-08,C  Z7.Z7,580,C,0.282635233
2017-02-08,C  Z7.Z7,580,P,0.262764182
2017-02-08,C  Z7.Z7,590,C,0.287225836
2017-02-08,C  Z7.Z7,590,P,0.26598487
2017-02-08,C  Z7.Z7,600,C,0.291206769
2017-02-08,C  Z7.Z7,600,P,0.268382646
2017-02-08,C  Z7.Z7,610,C,0.294555115
2017-02-08,C  Z7.Z7,610,P,0.266255763
2017-02-08,C  Z7.Z7,620,C,0.297235622
2017-02-08,C  Z7.Z7,620,P,0.266253578
2017-02-08,C  Z7.Z7,630,C,0.302318064
2017-02-08,C  Z7.Z7,630,P,0.26946873
2017-02-08,C  Z7.Z7,640,C,0.307029432
2017-02-08,C  Z7.Z7,640,P,0.272080309
2017-02-08,C  Z7.Z7,700,C,0.327121521
2017-02-08,C  Z7.Z7,700,P,0.268537598
2017-02-08,C  Z7.Z7,800,C,0.357721077
2017-02-08,C  Z7.Z7,800,P,0.285137694
2017-02-09,C  Z7.Z7,180,C,0.343497005
2017-02-09,C  Z7.Z7,180,P,0.343497005
2017-02-09,C  Z7.Z7,190,C,0.321424607
2017-02-09,C  Z7.Z7,190,P,0.321424607
2017-02-09,C  Z7.Z7,200,C,0.300465139
2017-02-09,C  Z7.Z7,200,P,0.300465139
2017-02-09,C  Z7.Z7,210,C,0.280500039
2017-02-09,C  Z7.Z7,210,P,0.280500039
2017-02-09,C  Z7.Z7,220,C,0.261428497
2017-02-09,C  Z7.Z7,220,P,0.261428497
2017-02-09,C  Z7.Z7,230,C,0.243162443
2017-02-09,C  Z7.Z7,230,P,0.243162443
2017-02-09,C  Z7.Z7,240,C,0.225624593
2017-02-09,C  Z7.Z7,240,P,0.245548655
2017-02-09,C  Z7.Z7,250,C,0.208747199
2017-02-09,C  Z7.Z7,250,P,0.240373447
2017-02-09,C  Z7.Z7,260,C,0.192466735
2017-02-09,C  Z7.Z7,260,P,0.231730262
2017-02-09,C  Z7.Z7,270,C,0.176729513
2017-02-09,C  Z7.Z7,270,P,0.2210759
2017-02-09,C  Z7.Z7,280,C,0.176547995
2017-02-09,C  Z7.Z7,280,P,0.209103411
2017-02-09,C  Z7.Z7,290,C,0.184909132
2017-02-09,C  Z7.Z7,290,P,0.205725222
2017-02-09,C  Z7.Z7,300,C,0.18685609
2017-02-09,C  Z7.Z7,300,P,0.201759033
2017-02-09,C  Z7.Z7,310,C,0.188303723
2017-02-09,C  Z7.Z7,310,P,0.199362116
2017-02-09,C  Z7.Z7,320,C,0.190434651
2017-02-09,C  Z7.Z7,320,P,0.198901104
2017-02-09,C  Z7.Z7,330,C,0.195194877
2017-02-09,C  Z7.Z7,330,P,0.200214246
2017-02-09,C  Z7.Z7,340,C,0.19900005
2017-02-09,C  Z7.Z7,340,P,0.203156678
2017-02-09,C  Z7.Z7,350,C,0.201808877
2017-02-09,C  Z7.Z7,350,P,0.20540461
2017-02-09,C  Z7.Z7,360,C,0.205866911
2017-02-09,C  Z7.Z7,360,P,0.208010103
2017-02-09,C  Z7.Z7,370,C,0.210780599
2017-02-09,C  Z7.Z7,370,P,0.211767921
2017-02-09,C  Z7.Z7,380,C,0.213729601
2017-02-09,C  Z7.Z7,380,P,0.214664375
2017-02-09,C  Z7.Z7,390,C,0.217893457
2017-02-09,C  Z7.Z7,390,P,0.217893457
2017-02-09,C  Z7.Z7,400,C,0.220778566
2017-02-09,C  Z7.Z7,400,P,0.220778566
2017-02-09,C  Z7.Z7,410,C,0.223615042
2017-02-09,C  Z7.Z7,410,P,0.222720922
2017-02-09,C  Z7.Z7,420,C,0.226715067
2017-02-09,C  Z7.Z7,420,P,0.225806557
2017-02-09,C  Z7.Z7,430,C,0.230436056
2017-02-09,C  Z7.Z7,430,P,0.228568434
2017-02-09,C  Z7.Z7,440,C,0.233261417
2017-02-09,C  Z7.Z7,440,P,0.231322084
2017-02-09,C  Z7.Z7,450,C,0.236444469
2017-02-09,C  Z7.Z7,450,P,0.233397132
2017-02-09,C  Z7.Z7,460,C,0.239314361
2017-02-09,C  Z7.Z7,460,P,0.235023361
2017-02-09,C  Z7.Z7,470,C,0.243281235
2017-02-09,C  Z7.Z7,470,P,0.238738466
2017-02-09,C  Z7.Z7,480,C,0.246465977
2017-02-09,C  Z7.Z7,480,P,0.24162587
2017-02-09,C  Z7.Z7,490,C,0.250293884
2017-02-09,C  Z7.Z7,490,P,0.243822738
2017-02-09,C  Z7.Z7,500,C,0.253813199
2017-02-09,C  Z7.Z7,500,P,0.246878911
2017-02-09,C  Z7.Z7,510,C,0.257216656
2017-02-09,C  Z7.Z7,510,P,0.248241867
2017-02-09,C  Z7.Z7,520,C,0.260719733
2017-02-09,C  Z7.Z7,520,P,0.251056244
2017-02-09,C  Z7.Z7,530,C,0.264567498
2017-02-09,C  Z7.Z7,530,P,0.254175356
2017-02-09,C  Z7.Z7,540,C,0.269036946
2017-02-09,C  Z7.Z7,540,P,0.255961965
2017-02-09,C  Z7.Z7,550,C,0.272518044
2017-02-09,C  Z7.Z7,550,P,0.258397673
2017-02-09,C  Z7.Z7,560,C,0.277010569
2017-02-09,C  Z7.Z7,560,P,0.26188137
2017-02-09,C  Z7.Z7,570,C,0.280687211
2017-02-09,C  Z7.Z7,570,P,0.261849028
2017-02-09,C  Z7.Z7,580,C,0.283505029
2017-02-09,C  Z7.Z7,580,P,0.26299421
2017-02-09,C  Z7.Z7,590,C,0.28791648
2017-02-09,C  Z7.Z7,590,P,0.265932236
2017-02-09,C  Z7.Z7,600,C,0.291698011
2017-02-09,C  Z7.Z7,600,P,0.267998413
2017-02-09,C  Z7.Z7,610,C,0.294825283
2017-02-09,C  Z7.Z7,610,P,0.269081351
2017-02-09,C  Z7.Z7,620,C,0.297255414
2017-02-09,C  Z7.Z7,620,P,0.269013794
2017-02-09,C  Z7.Z7,630,C,0.302173324
2017-02-09,C  Z7.Z7,630,P,0.267527696
2017-02-09,C  Z7.Z7,640,C,0.306708857
2017-02-09,C  Z7.Z7,640,P,0.269680511
2017-02-09,C  Z7.Z7,700,C,0.325331819
2017-02-09,C  Z7.Z7,700,P,0.258099961
2017-02-09,C  Z7.Z7,800,C,0.360405119
2017-02-09,C  Z7.Z7,800,P,0.28732032
2017-02-12,C  Z7.Z7,180,C,0.348577097
2017-02-12,C  Z7.Z7,180,P,0.348577097
2017-02-12,C  Z7.Z7,190,C,0.326412442
2017-02-12,C  Z7.Z7,190,P,0.326412442
2017-02-12,C  Z7.Z7,200,C,0.305364016
2017-02-12,C  Z7.Z7,200,P,0.305364016
2017-02-12,C  Z7.Z7,210,C,0.285317193
2017-02-12,C  Z7.Z7,210,P,0.285317193
2017-02-12,C  Z7.Z7,220,C,0.266170078
2017-02-12,C  Z7.Z7,220,P,0.266170078
2017-02-12,C  Z7.Z7,230,C,0.247833114
2017-02-12,C  Z7.Z7,230,P,0.247833114
2017-02-12,C  Z7.Z7,240,C,0.230228509
2017-02-12,C  Z7.Z7,240,P,0.230228509
2017-02-12,C  Z7.Z7,250,C,0.213289344
2017-02-12,C  Z7.Z7,250,P,0.232267466
2017-02-12,C  Z7.Z7,260,C,0.196954271
2017-02-12,C  Z7.Z7,260,P,0.227054527
2017-02-12,C  Z7.Z7,270,C,0.181166279
2017-02-12,C  Z7.Z7,270,P,0.218494823
2017-02-12,C  Z7.Z7,280,C,0.181260632
2017-02-12,C  Z7.Z7,280,P,0.214460741
2017-02-12,C  Z7.Z7,290,C,0.190108385
2017-02-12,C  Z7.Z7,290,P,0.211341826
2017-02-12,C  Z7.Z7,300,C,0.192447097
2017-02-12,C  Z7.Z7,300,P,0.207653749
2017-02-12,C  Z7.Z7,310,C,0.194319044
2017-02-12,C  Z7.Z7,310,P,0.205604329
2017-02-12,C  Z7.Z7,320,C,0.196934309
2017-02-12,C  Z7.Z7,320,P,0.20557511
2017-02-12,C  Z7.Z7,330,C,0.198790242
2017-02-12,C  Z7.Z7,330,P,0.205715464
2017-02-12,C  Z7.Z7,340,C,0.203860045
2017-02-12,C  Z7.Z7,340,P,0.208139663
2017-02-12,C  Z7.Z7,350,C,0.206513686
2017-02-12,C  Z7.Z7,350,P,0.210203934
2017-02-12,C  Z7.Z7,360,C,0.210654622
2017-02-12,C  Z7.Z7,360,P,0.212843907
2017-02-12,C  Z7.Z7,370,C,0.213770181
2017-02-12,C  Z7.Z7,370,P,0.215778752
2017-02-12,C  Z7.Z7,380,C,0.218026787
2017-02-12,C  Z7.Z7,380,P,0.21897185
2017-02-12,C  Z7.Z7,390,C,0.220704266
2017-02-12,C  Z7.Z7,390,P,0.22161372
2017-02-12,C  Z7.Z7,400,C,0.224846624
2017-02-12,C  Z7.Z7,400,P,0.224846624
2017-02-12,C  Z7.Z7,410,C,0.22801665
2017-02-12,C  Z7.Z7,410,P,0.227128023
2017-02-12,C  Z7.Z7,420,C,0.231425237
2017-02-12,C  Z7.Z7,420,P,0.230527556
2017-02-12,C  Z7.Z7,430,C,0.234495641
2017-02-12,C  Z7.Z7,430,P,0.232660065
2017-02-12,C  Z7.Z7,440,C,0.237532998
2017-02-12,C  Z7.Z7,440,P,0.235637569
2017-02-12,C  Z7.Z7,450,C,0.240863851
2017-02-12,C  Z7.Z7,450,P,0.237902189
2017-02-12,C  Z7.Z7,460,C,0.2448551
2017-02-12,C  Z7.Z7,460,P,0.2417547
2017-02-12,C  Z7.Z7,470,C,0.247759617
2017-02-12,C  Z7.Z7,470,P,0.243390419
2017-02-12,C  Z7.Z7,480,C,0.251996223
2017-02-12,C  Z7.Z7,480,P,0.247377262
2017-02-12,C  Z7.Z7,490,C,0.255658662
2017-02-12,C  Z7.Z7,490,P,0.249512925
2017-02-12,C  Z7.Z7,500,C,0.258906305
2017-02-12,C  Z7.Z7,500,P,0.252346732
2017-02-12,C  Z7.Z7,510,C,0.261908277
2017-02-12,C  Z7.Z7,510,P,0.253447855
2017-02-12,C  Z7.Z7,520,C,0.266325469
2017-02-12,C  Z7.Z7,520,P,0.257299543
2017-02-12,C  Z7.Z7,530,C,0.26952001
2017-02-12,C  Z7.Z7,530,P,0.258150807
2017-02-12,C  Z7.Z7,540,C,0.271418675
2017-02-12,C  Z7.Z7,540,P,0.259073403
2017-02-12,C  Z7.Z7,550,C,0.27556411
2017-02-12,C  Z7.Z7,550,P,0.262329767
2017-02-12,C  Z7.Z7,560,C,0.278740214
2017-02-12,C  Z7.Z7,560,P,0.264452416
2017-02-12,C  Z7.Z7,570,C,0.282965103
2017-02-12,C  Z7.Z7,570,P,0.265317714
2017-02-12,C  Z7.Z7,580,C,0.286390025
2017-02-12,C  Z7.Z7,580,P,0.267343448
2017-02-12,C  Z7.Z7,590,C,0.288968463
2017-02-12,C  Z7.Z7,590,P,0.268236641
2017-02-12,C  Z7.Z7,600,C,0.293173753
2017-02-12,C  Z7.Z7,600,P,0.270962326
2017-02-12,C  Z7.Z7,610,C,0.296762162
2017-02-12,C  Z7.Z7,610,P,0.269361678
2017-02-12,C  Z7.Z7,620,C,0.299702005
2017-02-12,C  Z7.Z7,620,P,0.269858937
2017-02-12,C  Z7.Z7,630,C,0.304982956
2017-02-12,C  Z7.Z7,630,P,0.273443803
2017-02-12,C  Z7.Z7,640,C,0.306726839
2017-02-12,C  Z7.Z7,640,P,0.271760915
2017-02-12,C  Z7.Z7,700,C,0.327145049
2017-02-12,C  Z7.Z7,700,P,0.268499724
2017-02-12,C  Z7.Z7,800,C,0.35815724
2017-02-12,C  Z7.Z7,800,P,0.285441327
2017-02-13,C  Z7.Z7,180,C,0.349425101
2017-02-13,C  Z7.Z7,180,P,0.349425101
2017-02-13,C  Z7.Z7,190,C,0.327220855
2017-02-13,C  Z7.Z7,190,P,0.327220855
2017-02-13,C  Z7.Z7,200,C,0.306137439
2017-02-13,C  Z7.Z7,200,P,0.306137439
2017-02-13,C  Z7.Z7,210,C,0.286057017
2017-02-13,C  Z7.Z7,210,P,0.286057017
2017-02-13,C  Z7.Z7,220,C,0.266877208
2017-02-13,C  Z7.Z7,220,P,0.266877208
2017-02-13,C  Z7.Z7,230,C,0.248510736
2017-02-13,C  Z7.Z7,230,P,0.248510736
2017-02-13,C  Z7.Z7,240,C,0.230876623
2017-02-13,C  Z7.Z7,240,P,0.230876623
2017-02-13,C  Z7.Z7,250,C,0.213909808
2017-02-13,C  Z7.Z7,250,P,0.213909808
2017-02-13,C  Z7.Z7,260,C,0.197547994
2017-02-13,C  Z7.Z7,260,P,0.215341788
2017-02-13,C  Z7.Z7,270,C,0.181734313
2017-02-13,C  Z7.Z7,270,P,0.209905715
2017-02-13,C  Z7.Z7,280,C,0.16641963
2017-02-13,C  Z7.Z7,280,P,0.201271658
2017-02-13,C  Z7.Z7,290,C,0.175852212
2017-02-13,C  Z7.Z7,290,P,0.202293449
2017-02-13,C  Z7.Z7,300,C,0.18404478
2017-02-13,C  Z7.Z7,300,P,0.201114905
2017-02-13,C  Z7.Z7,310,C,0.191960513
2017-02-13,C  Z7.Z7,310,P,0.203623312
2017-02-13,C  Z7.Z7,320,C,0.195408589
2017-02-13,C  Z7.Z7,320,P,0.20422187
2017-02-13,C  Z7.Z7,330,C,0.19956604
2017-02-13,C  Z7.Z7,330,P,0.20651036
2017-02-13,C  Z7.Z7,340,C,0.203242428
2017-02-13,C  Z7.Z7,340,P,0.207556652
2017-02-13,C  Z7.Z7,350,C,0.206151148
2017-02-13,C  Z7.Z7,350,P,0.209862267
2017-02-13,C  Z7.Z7,360,C,0.210491744
2017-02-13,C  Z7.Z7,360,P,0.212689928
2017-02-13,C  Z7.Z7,370,C,0.213761026
2017-02-13,C  Z7.Z7,370,P,0.215775729
2017-02-13,C  Z7.Z7,380,C,0.217200337
2017-02-13,C  Z7.Z7,380,P,0.218147863
2017-02-13,C  Z7.Z7,390,C,0.220023003
2017-02-13,C  Z7.Z7,390,P,0.220934158
2017-02-13,C  Z7.Z7,400,C,0.224284071
2017-02-13,C  Z7.Z7,400,P,0.224284071
2017-02-13,C  Z7.Z7,410,C,0.2275494
2017-02-13,C  Z7.Z7,410,P,0.226659833
2017-02-13,C  Z7.Z7,420,C,0.231036882
2017-02-13,C  Z7.Z7,420,P,0.23013843
2017-02-13,C  Z7.Z7,430,C,0.234173557
2017-02-13,C  Z7.Z7,430,P,0.232336649
2017-02-13,C  Z7.Z7,440,C,0.237267458
2017-02-13,C  Z7.Z7,440,P,0.235370811
2017-02-13,C  Z7.Z7,450,C,0.240647326
2017-02-13,C  Z7.Z7,450,P,0.237683911
2017-02-13,C  Z7.Z7,460,C,0.244681782
2017-02-13,C  Z7.Z7,460,P,0.241577628
2017-02-13,C  Z7.Z7,470,C,0.247623823
2017-02-13,C  Z7.Z7,470,P,0.243252198
2017-02-13,C  Z7.Z7,480,C,0.25189457
2017-02-13,C  Z7.Z7,480,P,0.247273027
2017-02-13,C  Z7.Z7,490,C,0.255587426
2017-02-13,C  Z7.Z7,490,P,0.249438205
2017-02-13,C  Z7.Z7,500,C,0.258862371
2017-02-13,C  Z7.Z7,500,P,0.252299005
2017-02-13,C  Z7.Z7,510,C,0.261889078
2017-02-13,C  Z7.Z7,510,P,0.253423663
2017-02-13,C  Z7.Z7,520,C,0.26632983
2017-02-13,C  Z7.Z7,520,P,0.257298376
2017-02-13,C  Z7.Z7,530,C,0.269545416
2017-02-13,C  Z7.Z7,530,P,0.258169068
2017-02-13,C  Z7.Z7,540,C,0.271462725
2017-02-13,C  Z7.Z7,540,P,0.25910951
2017-02-13,C  Z7.Z7,550,C,0.275626995
2017-02-13,C  Z7.Z7,550,P,0.262383809
2017-02-13,C  Z7.Z7,560,C,0.27882011
2017-02-13,C  Z7.Z7,560,P,0.264522465
2017-02-13,C  Z7.Z7,570,C,0.280980349
2017-02-13,C  Z7.Z7,570,P,0.263004145
2017-02-13,C  Z7.Z7,580,C,0.284275261
2017-02-13,C  Z7.Z7,580,P,0.264820014
2017-02-13,C  Z7.Z7,590,C,0.286697108
2017-02-13,C  Z7.Z7,590,P,0.26544342
2017-02-13,C  Z7.Z7,600,C,0.290769817
2017-02-13,C  Z7.Z7,600,P,0.267928351
2017-02-13,C  Z7.Z7,610,C,0.294204497
2017-02-13,C  Z7.Z7,610,P,0.269493885
2017-02-13,C  Z7.Z7,620,C,0.296966113
2017-02-13,C  Z7.Z7,620,P,0.265952812
2017-02-13,C  Z7.Z7,630,C,0.299003911
2017-02-13,C  Z7.Z7,630,P,0.264608565
2017-02-13,C  Z7.Z7,640,C,0.30363861
2017-02-13,C  Z7.Z7,640,P,0.266867648
2017-02-13,C  Z7.Z7,700,C,0.331762796
2017-02-13,C  Z7.Z7,700,P,0.27873983
2017-02-13,C  Z7.Z7,800,C,0.358492394
2017-02-13,C  Z7.Z7,800,P,0.285702041
2017-02-14,C  Z7.Z7,180,C,0.35004157
2017-02-14,C  Z7.Z7,180,P,0.35004157
2017-02-14,C  Z7.Z7,190,C,0.327798279
2017-02-14,C  Z7.Z7,190,P,0.327798279
2017-02-14,C  Z7.Z7,200,C,0.306677831
2017-02-14,C  Z7.Z7,200,P,0.306677831
2017-02-14,C  Z7.Z7,210,C,0.286561975
2017-02-14,C  Z7.Z7,210,P,0.286561975
2017-02-14,C  Z7.Z7,220,C,0.267349091
2017-02-14,C  Z7.Z7,220,P,0.290377098
2017-02-14,C  Z7.Z7,230,C,0.24894957
2017-02-14,C  Z7.Z7,230,P,0.270605513
2017-02-14,C  Z7.Z7,240,C,0.231284098
2017-02-14,C  Z7.Z7,240,P,0.251620625
2017-02-14,C  Z7.Z7,250,C,0.214287451
2017-02-14,C  Z7.Z7,250,P,0.23334839
2017-02-14,C  Z7.Z7,260,C,0.197896717
2017-02-14,C  Z7.Z7,260,P,0.228130278
2017-02-14,C  Z7.Z7,270,C,0.182055022
2017-02-14,C  Z7.Z7,270,P,0.219551581
2017-02-14,C  Z7.Z7,280,C,0.182169313
2017-02-14,C  Z7.Z7,280,P,0.215520598
2017-02-14,C  Z7.Z7,290,C,0.184210938
2017-02-14,C  Z7.Z7,290,P,0.207706486
2017-02-14,C  Z7.Z7,300,C,0.1890729
2017-02-14,C  Z7.Z7,300,P,0.205180636
2017-02-14,C  Z7.Z7,310,C,0.192299198
2017-02-14,C  Z7.Z7,310,P,0.203982751
2017-02-14,C  Z7.Z7,320,C,0.195753531
2017-02-14,C  Z7.Z7,320,P,0.204582367
2017-02-14,C  Z7.Z7,330,C,0.198135262
2017-02-14,C  Z7.Z7,330,P,0.205160239
2017-02-14,C  Z7.Z7,340,C,0.203601275
2017-02-14,C  Z7.Z7,340,P,0.207923037
2017-02-14,C  Z7.Z7,350,C,0.206515066
2017-02-14,C  Z7.Z7,350,P,0.210232739
2017-02-14,C  Z7.Z7,360,C,0.210863309
2017-02-14,C  Z7.Z7,360,P,0.213065373
2017-02-14,C  Z7.Z7,370,C,0.213128119
2017-02-14,C  Z7.Z7,370,P,0.215147859
2017-02-14,C  Z7.Z7,380,C,0.216634302
2017-02-14,C  Z7.Z7,380,P,0.217583746
2017-02-14,C  Z7.Z7,390,C,0.219498609
2017-02-14,C  Z7.Z7,390,P,0.220411395
2017-02-14,C  Z7.Z7,400,C,0.223785464
2017-02-14,C  Z7.Z7,400,P,0.223785464
2017-02-14,C  Z7.Z7,410,C,0.227059937
2017-02-14,C  Z7.Z7,410,P,0.226168775
2017-02-14,C  Z7.Z7,420,C,0.230544677
2017-02-14,C  Z7.Z7,420,P,0.229644461
2017-02-14,C  Z7.Z7,430,C,0.233667064
2017-02-14,C  Z7.Z7,430,P,0.231826058
2017-02-14,C  Z7.Z7,440,C,0.236736679
2017-02-14,C  Z7.Z7,440,P,0.23483512
2017-02-14,C  Z7.Z7,450,C,0.239094283
2017-02-14,C  Z7.Z7,450,P,0.236117985
2017-02-14,C  Z7.Z7,460,C,0.243042261
2017-02-14,C  Z7.Z7,460,P,0.239922015
2017-02-14,C  Z7.Z7,470,C,0.245876663
2017-02-14,C  Z7.Z7,470,P,0.241475373
2017-02-14,C  Z7.Z7,480,C,0.25003169
2017-02-14,C  Z7.Z7,480,P,0.245372087
2017-02-14,C  Z7.Z7,490,C,0.253588598
2017-02-14,C  Z7.Z7,490,P,0.247378521
2017-02-14,C  Z7.Z7,500,C,0.258017378
2017-02-14,C  Z7.Z7,500,P,0.25140893
2017-02-14,C  Z7.Z7,510,C,0.260959288
2017-02-14,C  Z7.Z7,510,P,0.252425515
2017-02-14,C  Z7.Z7,520,C,0.265319486
2017-02-14,C  Z7.Z7,520,P,0.256203768
2017-02-14,C  Z7.Z7,530,C,0.268435815
2017-02-14,C  Z7.Z7,530,P,0.25693481
2017-02-14,C  Z7.Z7,540,C,0.271941855
2017-02-14,C  Z7.Z7,540,P,0.25956693
2017-02-14,C  Z7.Z7,550,C,0.276113552
2017-02-14,C  Z7.Z7,550,P,0.262846976
2017-02-14,C  Z7.Z7,560,C,0.27931229
2017-02-14,C  Z7.Z7,560,P,0.264991312
2017-02-14,C  Z7.Z7,570,C,0.283561574
2017-02-14,C  Z7.Z7,570,P,0.265870375
2017-02-14,C  Z7.Z7,580,C,0.287007725
2017-02-14,C  Z7.Z7,580,P,0.267913647
2017-02-14,C  Z7.Z7,590,C,0.289604608
2017-02-14,C  Z7.Z7,590,P,0.268820722
2017-02-14,C  Z7.Z7,600,C,0.291283091
2017-02-14,C  Z7.Z7,600,P,0.268401305
2017-02-14,C  Z7.Z7,610,C,0.294723835
2017-02-14,C  Z7.Z7,610,P,0.269969683
2017-02-14,C  Z7.Z7,620,C,0.297490325
2017-02-14,C  Z7.Z7,620,P,0.266422279
2017-02-14,C  Z7.Z7,630,C,0.299531751
2017-02-14,C  Z7.Z7,630,P,0.265075651
2017-02-14,C  Z7.Z7,640,C,0.307458381
2017-02-14,C  Z7.Z7,640,P,0.272401584
2017-02-14,C  Z7.Z7,700,C,0.327975184
2017-02-14,C  Z7.Z7,700,P,0.269172819
2017-02-14,C  Z7.Z7,800,C,0.359125226
2017-02-14,C  Z7.Z7,800,P,0.286206216
2017-02-15,C  Z7.Z7,180,C,0.353687548
2017-02-15,C  Z7.Z7,180,P,0.353687548
2017-02-15,C  Z7.Z7,190,C,0.331425034
2017-02-15,C  Z7.Z7,190,P,0.331425034
2017-02-15,C  Z7.Z7,200,C,0.31028772
2017-02-15,C  Z7.Z7,200,P,0.31028772
2017-02-15,C  Z7.Z7,210,C,0.290157229
2017-02-15,C  Z7.Z7,210,P,0.290157229
2017-02-15,C  Z7.Z7,220,C,0.270931906
2017-02-15,C  Z7.Z7,220,P,0.294195836
2017-02-15,C  Z7.Z7,230,C,0.252521357
2017-02-15,C  Z7.Z7,230,P,0.274415082
2017-02-15,C  Z7.Z7,240,C,0.234851087
2017-02-15,C  Z7.Z7,240,P,0.255425056
2017-02-15,C  Z7.Z7,250,C,0.217848342
2017-02-15,C  Z7.Z7,250,P,0.237149461
2017-02-15,C  Z7.Z7,260,C,0.201454855
2017-02-15,C  Z7.Z7,260,P,0.23209296
2017-02-15,C  Z7.Z7,270,C,0.185613779
2017-02-15,C  Z7.Z7,270,P,0.223648287
2017-02-15,C  Z7.Z7,280,C,0.185980866
2017-02-15,C  Z7.Z7,280,P,0.219826469
2017-02-15,C  Z7.Z7,290,C,0.195311955
2017-02-15,C  Z7.Z7,290,P,0.216962105
2017-02-15,C  Z7.Z7,300,C,0.198037183
2017-02-15,C  Z7.Z7,300,P,0.213547089
2017-02-15,C  Z7.Z7,310,C,0.200324257
2017-02-15,C  Z7.Z7,310,P,0.211836569
2017-02-15,C  Z7.Z7,320,C,0.203415803
2017-02-15,C  Z7.Z7,320,P,0.212228695
2017-02-15,C  Z7.Z7,330,C,0.205780781
2017-02-15,C  Z7.Z7,330,P,0.212840865
2017-02-15,C  Z7.Z7,340,C,0.210006756
2017-02-15,C  Z7.Z7,340,P,0.214390883
2017-02-15,C  Z7.Z7,350,C,0.213508368
2017-02-15,C  Z7.Z7,350,P,0.217274739
2017-02-15,C  Z7.Z7,360,C,0.217404654
2017-02-15,C  Z7.Z7,360,P,0.219635837
2017-02-15,C  Z7.Z7,370,C,0.219450001
2017-02-15,C  Z7.Z7,370,P,0.221492047
2017-02-15,C  Z7.Z7,380,C,0.222919222
2017-02-15,C  Z7.Z7,380,P,0.223875873
2017-02-15,C  Z7.Z7,390,C,0.225854335
2017-02-15,C  Z7.Z7,390,P,0.226770132
2017-02-15,C  Z7.Z7,400,C,0.229391122
2017-02-15,C  Z7.Z7,400,P,0.229391122
2017-02-15,C  Z7.Z7,410,C,0.231974461
2017-02-15,C  Z7.Z7,410,P,0.231974461
2017-02-15,C  Z7.Z7,420,C,0.234773146
2017-02-15,C  Z7.Z7,420,P,0.233883565
2017-02-15,C  Z7.Z7,430,C,0.237171767
2017-02-15,C  Z7.Z7,430,P,0.235361528
2017-02-15,C  Z7.Z7,440,C,0.240371258
2017-02-15,C  Z7.Z7,440,P,0.238511
2017-02-15,C  Z7.Z7,450,C,0.242828602
2017-02-15,C  Z7.Z7,450,P,0.23993242
2017-02-15,C  Z7.Z7,460,C,0.245769411
2017-02-15,C  Z7.Z7,460,P,0.242742686
2017-02-15,C  Z7.Z7,470,C,0.248509902
2017-02-15,C  Z7.Z7,470,P,0.244259283
2017-02-15,C  Z7.Z7,480,C,0.252432592
2017-02-15,C  Z7.Z7,480,P,0.247947042
2017-02-15,C  Z7.Z7,490,C,0.255666739
2017-02-15,C  Z7.Z7,490,P,0.249706063
2017-02-15,C  Z7.Z7,500,C,0.259610865
2017-02-15,C  Z7.Z7,500,P,0.253277099
2017-02-15,C  Z7.Z7,510,C,0.263320361
2017-02-15,C  Z7.Z7,510,P,0.255196383
2017-02-15,C  Z7.Z7,520,C,0.266981574
2017-02-15,C  Z7.Z7,520,P,0.258300033
2017-02-15,C  Z7.Z7,530,C,0.270799108
2017-02-15,C  Z7.Z7,530,P,0.26151837
2017-02-15,C  Z7.Z7,540,C,0.273390419
2017-02-15,C  Z7.Z7,540,P,0.261663552
2017-02-15,C  Z7.Z7,550,C,0.278137247
2017-02-15,C  Z7.Z7,550,P,0.265641314
2017-02-15,C  Z7.Z7,560,C,0.281972263
2017-02-15,C  Z7.Z7,560,P,0.266566051
2017-02-15,C  Z7.Z7,570,C,0.284858116
2017-02-15,C  Z7.Z7,570,P,0.268210157
2017-02-15,C  Z7.Z7,580,C,0.288828312
2017-02-15,C  Z7.Z7,580,P,0.270985293
2017-02-15,C  Z7.Z7,590,C,0.292011674
2017-02-15,C  Z7.Z7,590,P,0.272759867
2017-02-15,C  Z7.Z7,600,C,0.29673281
2017-02-15,C  Z7.Z7,600,P,0.273410737
2017-02-15,C  Z7.Z7,610,C,0.300880441
2017-02-15,C  Z7.Z7,610,P,0.275932083
2017-02-15,C  Z7.Z7,620,C,0.304437669
2017-02-15,C  Z7.Z7,620,P,0.277595309
2017-02-15,C  Z7.Z7,630,C,0.307378853
2017-02-15,C  Z7.Z7,630,P,0.278287809
2017-02-15,C  Z7.Z7,640,C,0.309664263
2017-02-15,C  Z7.Z7,640,P,0.277833634
2017-02-15,C  Z7.Z7,700,C,0.328690773
2017-02-15,C  Z7.Z7,700,P,0.276059013
2017-02-15,C  Z7.Z7,800,C,0.362672227
2017-02-15,C  Z7.Z7,800,P,0.283579122
2017-02-16,C  Z7.Z7,180,C,0.350815473
2017-02-16,C  Z7.Z7,180,P,0.350815473
2017-02-16,C  Z7.Z7,190,C,0.328490467
2017-02-16,C  Z7.Z7,190,P,0.328490467
2017-02-16,C  Z7.Z7,200,C,0.307291945
2017-02-16,C  Z7.Z7,200,P,0.307291945
2017-02-16,C  Z7.Z7,210,C,0.287101359
2017-02-16,C  Z7.Z7,210,P,0.287101359
2017-02-16,C  Z7.Z7,220,C,0.267816105
2017-02-16,C  Z7.Z7,220,P,0.267816105
2017-02-16,C  Z7.Z7,230,C,0.249346512
2017-02-16,C  Z7.Z7,230,P,0.271050491
2017-02-16,C  Z7.Z7,240,C,0.231616361
2017-02-16,C  Z7.Z7,240,P,0.251993769
2017-02-16,C  Z7.Z7,250,C,0.214555485
2017-02-16,C  Z7.Z7,250,P,0.233651992
2017-02-16,C  Z7.Z7,260,C,0.198102356
2017-02-16,C  Z7.Z7,260,P,0.22838868
2017-02-16,C  Z7.Z7,270,C,0.182199886
2017-02-16,C  Z7.Z7,270,P,0.219756055
2017-02-16,C  Z7.Z7,280,C,0.182275207
2017-02-16,C  Z7.Z7,280,P,0.215677309
2017-02-16,C  Z7.Z7,290,C,0.191154385
2017-02-16,C  Z7.Z7,290,P,0.212516503
2017-02-16,C  Z7.Z7,300,C,0.197606361
2017-02-16,C  Z7.Z7,300,P,0.212196492
2017-02-16,C  Z7.Z7,310,C,0.201177126
2017-02-16,C  Z7.Z7,310,P,0.211934726
2017-02-16,C  Z7.Z7,320,C,0.204510624
2017-02-16,C  Z7.Z7,320,P,0.212810041
2017-02-16,C  Z7.Z7,330,C,0.208438293
2017-02-16,C  Z7.Z7,330,P,0.21510332
2017-02-16,C  Z7.Z7,340,C,0.211972153
2017-02-16,C  Z7.Z7,340,P,0.216172312
2017-02-16,C  Z7.Z7,350,C,0.21485433
2017-02-16,C  Z7.Z7,350,P,0.218506013
2017-02-16,C  Z7.Z7,360,C,0.218167953
2017-02-16,C  Z7.Z7,360,P,0.220352027
2017-02-16,C  Z7.Z7,370,C,0.220715776
2017-02-16,C  Z7.Z7,370,P,0.222729315
2017-02-16,C  Z7.Z7,380,C,0.224588219
2017-02-16,C  Z7.Z7,380,P,0.225538362
2017-02-16,C  Z7.Z7,390,C,0.227921207
2017-02-16,C  Z7.Z7,390,P,0.228836962
2017-02-16,C  Z7.Z7,400,C,0.230996813
2017-02-16,C  Z7.Z7,400,P,0.230996813
2017-02-16,C  Z7.Z7,410,C,0.234087728
2017-02-16,C  Z7.Z7,410,P,0.233192276
2017-02-16,C  Z7.Z7,420,C,0.236579133
2017-02-16,C  Z7.Z7,420,P,0.23567481
2017-02-16,C  Z7.Z7,430,C,0.239669412
2017-02-16,C  Z7.Z7,430,P,0.237821464
2017-02-16,C  Z7.Z7,440,C,0.242765142
2017-02-16,C  Z7.Z7,440,P,0.240858778
2017-02-16,C  Z7.Z7,450,C,0.245200164
2017-02-16,C  Z7.Z7,450,P,0.242221537
2017-02-16,C  Z7.Z7,460,C,0.248237743
2017-02-16,C  Z7.Z7,460,P,0.244070911
2017-02-16,C  Z7.Z7,470,C,0.251186292
2017-02-16,C  Z7.Z7,470,P,0.24679157
2017-02-16,C  Z7.Z7,480,C,0.254331359
2017-02-16,C  Z7.Z7,480,P,0.248500319
2017-02-16,C  Z7.Z7,490,C,0.257996041
2017-02-16,C  Z7.Z7,490,P,0.251799003
2017-02-16,C  Z7.Z7,500,C,0.261244696
2017-02-16,C  Z7.Z7,500,P,0.254630801
2017-02-16,C  Z7.Z7,510,C,0.264247978
2017-02-16,C  Z7.Z7,510,P,0.255718049
2017-02-16,C  Z7.Z7,520,C,0.267191998
2017-02-16,C  Z7.Z7,520,P,0.258022809
2017-02-16,C  Z7.Z7,530,C,0.270288159
2017-02-16,C  Z7.Z7,530,P,0.258720004
2017-02-16,C  Z7.Z7,540,C,0.273781174
2017-02-16,C  Z7.Z7,540,P,0.26133304
2017-02-16,C  Z7.Z7,550,C,0.277942838
2017-02-16,C  Z7.Z7,550,P,0.264600038
2017-02-16,C  Z7.Z7,560,C,0.281129909
2017-02-16,C  Z7.Z7,560,P,0.264536071
2017-02-16,C  Z7.Z7,570,C,0.285375671
2017-02-16,C  Z7.Z7,570,P,0.267584177
2017-02-16,C  Z7.Z7,580,C,0.288815285
2017-02-16,C  Z7.Z7,580,P,0.269613829
2017-02-16,C  Z7.Z7,590,C,0.291402615
2017-02-16,C  Z7.Z7,590,P,0.270502607
2017-02-16,C  Z7.Z7,600,C,0.295630673
2017-02-16,C  Z7.Z7,600,P,0.270059032
2017-02-16,C  Z7.Z7,610,C,0.299237434
2017-02-16,C  Z7.Z7,610,P,0.271614045
2017-02-16,C  Z7.Z7,620,C,0.302191076
2017-02-16,C  Z7.Z7,620,P,0.272107461
2017-02-16,C  Z7.Z7,630,C,0.304449716
2017-02-16,C  Z7.Z7,630,P,0.271324561
2017-02-16,C  Z7.Z7,640,C,0.309254143
2017-02-16,C  Z7.Z7,640,P,0.274007202
2017-02-16,C  Z7.Z7,700,C,0.329790422
2017-02-16,C  Z7.Z7,700,P,0.270679153
2017-02-16,C  Z7.Z7,800,C,0.360994044
2017-02-16,C  Z7.Z7,800,P,0.287707855
2017-02-19,C  Z7.Z7,180,C,0.348186957
2017-02-19,C  Z7.Z7,180,P,0.348186957
2017-02-19,C  Z7.Z7,190,C,0.325712098
2017-02-19,C  Z7.Z7,190,P,0.325712098
2017-02-19,C  Z7.Z7,200,C,0.304368947
2017-02-19,C  Z7.Z7,200,P,0.304368947
2017-02-19,C  Z7.Z7,210,C,0.28403777
2017-02-19,C  Z7.Z7,210,P,0.28403777
2017-02-19,C  Z7.Z7,220,C,0.264615159
2017-02-19,C  Z7.Z7,220,P,0.287529941
2017-02-19,C  Z7.Z7,230,C,0.246012876
2017-02-19,C  Z7.Z7,230,P,0.267535393
2017-02-19,C  Z7.Z7,240,C,0.228150394
2017-02-19,C  Z7.Z7,240,P,0.248333354
2017-02-19,C  Z7.Z7,250,C,0.210960304
2017-02-19,C  Z7.Z7,250,P,0.242986053
2017-02-19,C  Z7.Z7,260,C,0.194376343
2017-02-19,C  Z7.Z7,260,P,0.234119879
2017-02-19,C  Z7.Z7,270,C,0.178344976
2017-02-19,C  Z7.Z7,270,P,0.223212245
2017-02-19,C  Z7.Z7,280,C,0.197235964
2017-02-19,C  Z7.Z7,280,P,0.222145886
2017-02-19,C  Z7.Z7,290,C,0.197767752
2017-02-19,C  Z7.Z7,290,P,0.215900249
2017-02-19,C  Z7.Z7,300,C,0.203234958
2017-02-19,C  Z7.Z7,300,P,0.216026306
2017-02-19,C  Z7.Z7,310,C,0.205803619
2017-02-19,C  Z7.Z7,310,P,0.215506279
2017-02-19,C  Z7.Z7,320,C,0.209995957
2017-02-19,C  Z7.Z7,320,P,0.217585441
2017-02-19,C  Z7.Z7,330,C,0.214035834
2017-02-19,C  Z7.Z7,330,P,0.218711241
2017-02-19,C  Z7.Z7,340,C,0.217434916
2017-02-19,C  Z7.Z7,340,P,0.221419507
2017-02-19,C  Z7.Z7,350,C,0.220112217
2017-02-19,C  Z7.Z7,350,P,0.223631492
2017-02-19,C  Z7.Z7,360,C,0.224259676
2017-02-19,C  Z7.Z7,360,P,0.226390742
2017-02-19,C  Z7.Z7,370,C,0.22755056
2017-02-19,C  Z7.Z7,370,P,0.228544582
2017-02-19,C  Z7.Z7,380,C,0.230261549
2017-02-19,C  Z7.Z7,380,P,0.231209543
2017-02-19,C  Z7.Z7,390,C,0.233549876
2017-02-19,C  Z7.Z7,390,P,0.233549876
2017-02-19,C  Z7.Z7,400,C,0.236705649
2017-02-19,C  Z7.Z7,400,P,0.236705649
2017-02-19,C  Z7.Z7,410,C,0.24001622
2017-02-19,C  Z7.Z7,410,P,0.239102439
2017-02-19,C  Z7.Z7,420,C,0.242869265
2017-02-19,C  Z7.Z7,420,P,0.2410133
2017-02-19,C  Z7.Z7,430,C,0.245558057
2017-02-19,C  Z7.Z7,430,P,0.243652994
2017-02-19,C  Z7.Z7,440,C,0.248383636
2017-02-19,C  Z7.Z7,440,P,0.245422022
2017-02-19,C  Z7.Z7,450,C,0.251681918
2017-02-19,C  Z7.Z7,450,P,0.248591224
2017-02-19,C  Z7.Z7,460,C,0.254760477
2017-02-19,C  Z7.Z7,460,P,0.25042678
2017-02-19,C  Z7.Z7,470,C,0.25675676
2017-02-19,C  Z7.Z7,470,P,0.252165523
2017-02-19,C  Z7.Z7,480,C,0.260188246
2017-02-19,C  Z7.Z7,480,P,0.254088784
2017-02-19,C  Z7.Z7,490,C,0.264328454
2017-02-19,C  Z7.Z7,490,P,0.257848057
2017-02-19,C  Z7.Z7,500,C,0.268212731
2017-02-19,C  Z7.Z7,500,P,0.25990168
2017-02-19,C  Z7.Z7,510,C,0.272034519
2017-02-19,C  Z7.Z7,510,P,0.263153704
2017-02-19,C  Z7.Z7,520,C,0.274453827
2017-02-19,C  Z7.Z7,520,P,0.26488392
2017-02-19,C  Z7.Z7,530,C,0.277046266
2017-02-19,C  Z7.Z7,530,P,0.264934506
2017-02-19,C  Z7.Z7,540,C,0.280062367
2017-02-19,C  Z7.Z7,540,P,0.266986931
2017-02-19,C  Z7.Z7,550,C,0.283789072
2017-02-19,C  Z7.Z7,550,P,0.269727743
2017-02-19,C  Z7.Z7,560,C,0.288544594
2017-02-19,C  Z7.Z7,560,P,0.271253408
2017-02-19,C  Z7.Z7,570,C,0.292504761
2017-02-19,C  Z7.Z7,570,P,0.273931586
2017-02-19,C  Z7.Z7,580,C,0.295636085
2017-02-19,C  Z7.Z7,580,P,0.275542094
2017-02-19,C  Z7.Z7,590,C,0.297883408
2017-02-19,C  Z7.Z7,590,P,0.275939986
2017-02-19,C  Z7.Z7,600,C,0.30184888
2017-02-19,C  Z7.Z7,600,P,0.274899222
2017-02-19,C  Z7.Z7,610,C,0.305169361
2017-02-19,C  Z7.Z7,610,P,0.275947735
2017-02-19,C  Z7.Z7,620,C,0.307806885
2017-02-19,C  Z7.Z7,620,P,0.27582164
2017-02-19,C  Z7.Z7,630,C,0.309711413
2017-02-19,C  Z7.Z7,630,P,0.274247032
2017-02-19,C  Z7.Z7,640,C,0.314300424
2017-02-19,C  Z7.Z7,640,P,0.276401671
2017-02-19,C  Z7.Z7,700,C,0.333088917
2017-02-19,C  Z7.Z7,700,P,0.26430854
2017-02-19,C  Z7.Z7,800,C,0.368637573
2017-02-19,C  Z7.Z7,800,P,0.293922476
2017-02-20,C  Z7.Z7,180,C,0.348814706
2017-02-20,C  Z7.Z7,180,P,0.348814706
2017-02-20,C  Z7.Z7,190,C,0.326298814
2017-02-20,C  Z7.Z7,190,P,0.326298814
2017-02-20,C  Z7.Z7,200,C,0.304917852
2017-02-20,C  Z7.Z7,200,P,0.304917852
2017-02-20,C  Z7.Z7,210,C,0.284550013
2017-02-20,C  Z7.Z7,210,P,0.284550013
2017-02-20,C  Z7.Z7,220,C,0.265092597
2017-02-20,C  Z7.Z7,220,P,0.288048477
2017-02-20,C  Z7.Z7,230,C,0.246456543
2017-02-20,C  Z7.Z7,230,P,0.268017889
2017-02-20,C  Z7.Z7,240,C,0.228561788
2017-02-20,C  Z7.Z7,240,P,0.248781205
2017-02-20,C  Z7.Z7,250,C,0.211340793
2017-02-20,C  Z7.Z7,250,P,0.243424241
2017-02-20,C  Z7.Z7,260,C,0.194726888
2017-02-20,C  Z7.Z7,260,P,0.234541979
2017-02-20,C  Z7.Z7,270,C,0.178666606
2017-02-20,C  Z7.Z7,270,P,0.223614763
2017-02-20,C  Z7.Z7,280,C,0.19759169
2017-02-20,C  Z7.Z7,280,P,0.22254651
2017-02-20,C  Z7.Z7,290,C,0.198124411
2017-02-20,C  Z7.Z7,290,P,0.216289606
2017-02-20,C  Z7.Z7,300,C,0.203601476
2017-02-20,C  Z7.Z7,300,P,0.216415895
2017-02-20,C  Z7.Z7,310,C,0.206174747
2017-02-20,C  Z7.Z7,310,P,0.21589493
2017-02-20,C  Z7.Z7,320,C,0.210374718
2017-02-20,C  Z7.Z7,320,P,0.217977842
2017-02-20,C  Z7.Z7,330,C,0.214421781
2017-02-20,C  Z7.Z7,330,P,0.219105662
2017-02-20,C  Z7.Z7,340,C,0.217827048
2017-02-20,C  Z7.Z7,340,P,0.221818828
2017-02-20,C  Z7.Z7,350,C,0.220509178
2017-02-20,C  Z7.Z7,350,P,0.2240348
2017-02-20,C  Z7.Z7,360,C,0.224664112
2017-02-20,C  Z7.Z7,360,P,0.226799022
2017-02-20,C  Z7.Z7,370,C,0.227960937
2017-02-20,C  Z7.Z7,370,P,0.228956751
2017-02-20,C  Z7.Z7,380,C,0.230676809
2017-02-20,C  Z7.Z7,380,P,0.231626512
2017-02-20,C  Z7.Z7,390,C,0.233971066
2017-02-20,C  Z7.Z7,390,P,0.233971066
2017-02-20,C  Z7.Z7,400,C,0.237132531
2017-02-20,C  Z7.Z7,400,P,0.237132531
2017-02-20,C  Z7.Z7,410,C,0.240449072
2017-02-20,C  Z7.Z7,410,P,0.239533643
2017-02-20,C  Z7.Z7,420,C,0.243307265
2017-02-20,C  Z7.Z7,420,P,0.241447953
2017-02-20,C  Z7.Z7,430,C,0.246000904
2017-02-20,C  Z7.Z7,430,P,0.244092404
2017-02-20,C  Z7.Z7,440,C,0.248831577
2017-02-20,C  Z7.Z7,440,P,0.245864623
2017-02-20,C  Z7.Z7,450,C,0.252135813
2017-02-20,C  Z7.Z7,450,P,0.249039546
2017-02-20,C  Z7.Z7,460,C,0.255219943
2017-02-20,C  Z7.Z7,460,P,0.250878429
2017-02-20,C  Z7.Z7,470,C,0.257219809
2017-02-20,C  Z7.Z7,470,P,0.252620361
2017-02-20,C  Z7.Z7,480,C,0.260657623
2017-02-20,C  Z7.Z7,480,P,0.254547018
2017-02-20,C  Z7.Z7,490,C,0.264805139
2017-02-20,C  Z7.Z7,490,P,0.258312972
2017-02-20,C  Z7.Z7,500,C,0.268696428
2017-02-20,C  Z7.Z7,500,P,0.260370323
2017-02-20,C  Z7.Z7,510,C,0.272525114
2017-02-20,C  Z7.Z7,510,P,0.263628288
2017-02-20,C  Z7.Z7,520,C,0.274948867
2017-02-20,C  Z7.Z7,520,P,0.265361611
2017-02-20,C  Z7.Z7,530,C,0.277545907
2017-02-20,C  Z7.Z7,530,P,0.265412296
2017-02-20,C  Z7.Z7,540,C,0.28056744
2017-02-20,C  Z7.Z7,540,P,0.267468397
2017-02-20,C  Z7.Z7,550,C,0.284300859
2017-02-20,C  Z7.Z7,550,P,0.270214282
2017-02-20,C  Z7.Z7,560,C,0.289064966
2017-02-20,C  Z7.Z7,560,P,0.271742648
2017-02-20,C  Z7.Z7,570,C,0.293032233
2017-02-20,C  Z7.Z7,570,P,0.274425608
2017-02-20,C  Z7.Z7,580,C,0.296169242
2017-02-20,C  Z7.Z7,580,P,0.276039015
2017-02-20,C  Z7.Z7,590,C,0.298420626
2017-02-20,C  Z7.Z7,590,P,0.276437624
2017-02-20,C  Z7.Z7,600,C,0.302393242
2017-02-20,C  Z7.Z7,600,P,0.275395071
2017-02-20,C  Z7.Z7,610,C,0.305719758
2017-02-20,C  Z7.Z7,610,P,0.276445398
2017-02-20,C  Z7.Z7,620,C,0.308362021
2017-02-20,C  Z7.Z7,620,P,0.27631911
2017-02-20,C  Z7.Z7,630,C,0.310269967
2017-02-20,C  Z7.Z7,630,P,0.27474157
2017-02-20,C  Z7.Z7,640,C,0.314867245
2017-02-20,C  Z7.Z7,640,P,0.276900142
2017-02-20,C  Z7.Z7,700,C,0.333689619
2017-02-20,C  Z7.Z7,700,P,0.264785094
2017-02-20,C  Z7.Z7,800,C,0.369302341
2017-02-20,C  Z7.Z7,800,P,0.29445251
2017-02-21,C  Z7.Z7,180,C,0.350885111
2017-02-21,C  Z7.Z7,180,P,0.350885111
2017-02-21,C  Z7.Z7,190,C,0.328338256
2017-02-21,C  Z7.Z7,190,P,0.328338256
2017-02-21,C  Z7.Z7,200,C,0.306927464
2017-02-21,C  Z7.Z7,200,P,0.306927464
2017-02-21,C  Z7.Z7,210,C,0.286533014
2017-02-21,C  Z7.Z7,210,P,0.286533014
2017-02-21,C  Z7.Z7,220,C,0.267051248
2017-02-21,C  Z7.Z7,220,P,0.267051248
2017-02-21,C  Z7.Z7,230,C,0.248393123
2017-02-21,C  Z7.Z7,230,P,0.27008765
2017-02-21,C  Z7.Z7,240,C,0.230476679
2017-02-21,C  Z7.Z7,240,P,0.250829873
2017-02-21,C  Z7.Z7,250,C,0.213235365
2017-02-21,C  Z7.Z7,250,P,0.245543113
2017-02-21,C  Z7.Z7,260,C,0.196606305
2017-02-21,C  Z7.Z7,260,P,0.236714623
2017-02-21,C  Z7.Z7,270,C,0.197108729
2017-02-21,C  Z7.Z7,270,P,0.232794666
2017-02-21,C  Z7.Z7,280,C,0.207097334
2017-02-21,C  Z7.Z7,280,P,0.229914085
2017-02-21,C  Z7.Z7,290,C,0.210150033
2017-02-21,C  Z7.Z7,290,P,0.226490365
2017-02-21,C  Z7.Z7,300,C,0.212776702
2017-02-21,C  Z7.Z7,300,P,0.224900117
2017-02-21,C  Z7.Z7,310,C,0.213864023
2017-02-21,C  Z7.Z7,310,P,0.223302245
2017-02-21,C  Z7.Z7,320,C,0.217174131
2017-02-21,C  Z7.Z7,320,P,0.22467466
2017-02-21,C  Z7.Z7,330,C,0.219182109
2017-02-21,C  Z7.Z7,330,P,0.225415504
2017-02-21,C  Z7.Z7,340,C,0.223959829
2017-02-21,C  Z7.Z7,340,P,0.227951305
2017-02-21,C  Z7.Z7,350,C,0.226617254
2017-02-21,C  Z7.Z7,350,P,0.230151575
2017-02-21,C  Z7.Z7,360,C,0.230881605
2017-02-21,C  Z7.Z7,360,P,0.233024078
2017-02-21,C  Z7.Z7,370,C,0.234389854
2017-02-21,C  Z7.Z7,370,P,0.235389223
2017-02-21,C  Z7.Z7,380,C,0.237398202
2017-02-21,C  Z7.Z7,380,P,0.238350522
2017-02-21,C  Z7.Z7,390,C,0.241065462
2017-02-21,C  Z7.Z7,390,P,0.241065462
2017-02-21,C  Z7.Z7,400,C,0.243759212
2017-02-21,C  Z7.Z7,400,P,0.243759212
2017-02-21,C  Z7.Z7,410,C,0.246676687
2017-02-21,C  Z7.Z7,410,P,0.245764664
2017-02-21,C  Z7.Z7,420,C,0.250097135
2017-02-21,C  Z7.Z7,420,P,0.249174102
2017-02-21,C  Z7.Z7,430,C,0.252462989
2017-02-21,C  Z7.Z7,430,P,0.250574353
2017-02-21,C  Z7.Z7,440,C,0.25593596
2017-02-21,C  Z7.Z7,440,P,0.253012783
2017-02-21,C  Z7.Z7,450,C,0.258914957
2017-02-21,C  Z7.Z7,450,P,0.255875819
2017-02-21,C  Z7.Z7,460,C,0.26163864
2017-02-21,C  Z7.Z7,460,P,0.257393105
2017-02-21,C  Z7.Z7,470,C,0.264361531
2017-02-21,C  Z7.Z7,470,P,0.259890761
2017-02-21,C  Z7.Z7,480,C,0.267360918
2017-02-21,C  Z7.Z7,480,P,0.26144213
2017-02-21,C  Z7.Z7,490,C,0.270955154
2017-02-21,C  Z7.Z7,490,P,0.26468065
2017-02-21,C  Z7.Z7,500,C,0.274187123
2017-02-21,C  Z7.Z7,500,P,0.26615593
2017-02-21,C  Z7.Z7,510,C,0.277227804
2017-02-21,C  Z7.Z7,510,P,0.268648706
2017-02-21,C  Z7.Z7,520,C,0.280260316
2017-02-21,C  Z7.Z7,520,P,0.271076333
2017-02-21,C  Z7.Z7,530,C,0.283494904
2017-02-21,C  Z7.Z7,530,P,0.271964784
2017-02-21,C  Z7.Z7,540,C,0.287168086
2017-02-21,C  Z7.Z7,540,P,0.274823375
2017-02-21,C  Z7.Z7,550,C,0.291544591
2017-02-21,C  Z7.Z7,550,P,0.278378663
2017-02-21,C  Z7.Z7,560,C,0.294989657
2017-02-21,C  Z7.Z7,560,P,0.278732433
2017-02-21,C  Z7.Z7,570,C,0.297455371
2017-02-21,C  Z7.Z7,570,P,0.279856387
2017-02-21,C  Z7.Z7,580,C,0.301081991
2017-02-21,C  Z7.Z7,580,P,0.282187459
2017-02-21,C  Z7.Z7,590,C,0.303893213
2017-02-21,C  Z7.Z7,590,P,0.283462107
2017-02-21,C  Z7.Z7,600,C,0.305833144
2017-02-21,C  Z7.Z7,600,P,0.280383016
2017-02-21,C  Z7.Z7,610,C,0.309538644
2017-02-21,C  Z7.Z7,610,P,0.282156232
2017-02-21,C  Z7.Z7,620,C,0.312610353
2017-02-21,C  Z7.Z7,620,P,0.282932396
2017-02-21,C  Z7.Z7,630,C,0.315006697
2017-02-21,C  Z7.Z7,630,P,0.282533621
2017-02-21,C  Z7.Z7,640,C,0.3199415
2017-02-21,C  Z7.Z7,640,P,0.285534845
2017-02-21,C  Z7.Z7,700,C,0.337048
2017-02-21,C  Z7.Z7,700,P,0.276744139
2017-02-21,C  Z7.Z7,800,C,0.368156835
2017-02-21,C  Z7.Z7,800,P,0.29350102
2017-02-22,C  Z7.Z7,180,C,0.352956595
2017-02-22,C  Z7.Z7,180,P,0.352956595
2017-02-22,C  Z7.Z7,190,C,0.330378383
2017-02-22,C  Z7.Z7,190,P,0.330378383
2017-02-22,C  Z7.Z7,200,C,0.308938643
2017-02-22,C  Z7.Z7,200,P,0.308938643
2017-02-22,C  Z7.Z7,210,C,0.288517303
2017-02-22,C  Z7.Z7,210,P,0.288517303
2017-02-22,C  Z7.Z7,220,C,0.269010523
2017-02-22,C  Z7.Z7,220,P,0.269010523
2017-02-22,C  Z7.Z7,230,C,0.250328261
2017-02-22,C  Z7.Z7,230,P,0.272158066
2017-02-22,C  Z7.Z7,240,C,0.232391981
2017-02-22,C  Z7.Z7,240,P,0.252878896
2017-02-22,C  Z7.Z7,250,C,0.215132092
2017-02-22,C  Z7.Z7,250,P,0.247661943
2017-02-22,C  Z7.Z7,260,C,0.198485572
2017-02-22,C  Z7.Z7,260,P,0.238885871
2017-02-22,C  Z7.Z7,270,C,0.199106347
2017-02-22,C  Z7.Z7,270,P,0.235058976
2017-02-22,C  Z7.Z7,280,C,0.20188354
2017-02-22,C  Z7.Z7,280,P,0.232289503
2017-02-22,C  Z7.Z7,290,C,0.207789926
2017-02-22,C  Z7.Z7,290,P,0.228984251
2017-02-22,C  Z7.Z7,300,C,0.212019199
2017-02-22,C  Z7.Z7,300,P,0.224615366
2017-02-22,C  Z7.Z7,310,C,0.214102678
2017-02-22,C  Z7.Z7,310,P,0.226103949
2017-02-22,C  Z7.Z7,320,C,0.21818039
2017-02-22,C  Z7.Z7,320,P,0.225818881
2017-02-22,C  Z7.Z7,330,C,0.22076641
2017-02-22,C  Z7.Z7,330,P,0.227083858
2017-02-22,C  Z7.Z7,340,C,0.224707923
2017-02-22,C  Z7.Z7,340,P,0.228755631
2017-02-22,C  Z7.Z7,350,C,0.227968406
2017-02-22,C  Z7.Z7,350,P,0.230351839
2017-02-22,C  Z7.Z7,360,C,0.230614699
2017-02-22,C  Z7.Z7,360,P,0.232777778
2017-02-22,C  Z7.Z7,370,C,0.233762628
2017-02-22,C  Z7.Z7,370,P,0.235774231
2017-02-22,C  Z7.Z7,380,C,0.237392984
2017-02-22,C  Z7.Z7,380,P,0.238348879
2017-02-22,C  Z7.Z7,390,C,0.240694005
2017-02-22,C  Z7.Z7,390,P,0.240694005
2017-02-22,C  Z7.Z7,400,C,0.243920749
2017-02-22,C  Z7.Z7,400,P,0.243920749
2017-02-22,C  Z7.Z7,410,C,0.247337313
2017-02-22,C  Z7.Z7,410,P,0.246427885
2017-02-22,C  Z7.Z7,420,C,0.250316267
2017-02-22,C  Z7.Z7,420,P,0.248478586
2017-02-22,C  Z7.Z7,430,C,0.253136692
2017-02-22,C  Z7.Z7,430,P,0.251260474
2017-02-22,C  Z7.Z7,440,C,0.256083247
2017-02-22,C  Z7.Z7,440,P,0.253183013
2017-02-22,C  Z7.Z7,450,C,0.258465336
2017-02-22,C  Z7.Z7,450,P,0.255452177
2017-02-22,C  Z7.Z7,460,C,0.261550797
2017-02-22,C  Z7.Z7,460,P,0.258401117
2017-02-22,C  Z7.Z7,470,C,0.264629957
2017-02-22,C  Z7.Z7,470,P,0.260212942
2017-02-22,C  Z7.Z7,480,C,0.267983314
2017-02-22,C  Z7.Z7,480,P,0.262148066
2017-02-22,C  Z7.Z7,490,C,0.270699248
2017-02-22,C  Z7.Z7,490,P,0.264504983
2017-02-22,C  Z7.Z7,500,C,0.274217568
2017-02-22,C  Z7.Z7,500,P,0.266301877
2017-02-22,C  Z7.Z7,510,C,0.277545307
2017-02-22,C  Z7.Z7,510,P,0.269108084
2017-02-22,C  Z7.Z7,520,C,0.28087123
2017-02-22,C  Z7.Z7,520,P,0.270320246
2017-02-22,C  Z7.Z7,530,C,0.284399877
2017-02-22,C  Z7.Z7,530,P,0.27311545
2017-02-22,C  Z7.Z7,540,C,0.28668946
2017-02-22,C  Z7.Z7,540,P,0.274524078
2017-02-22,C  Z7.Z7,550,C,0.291244832
2017-02-22,C  Z7.Z7,550,P,0.276348442
2017-02-22,C  Z7.Z7,560,C,0.294881683
2017-02-22,C  Z7.Z7,560,P,0.278912672
2017-02-22,C  Z7.Z7,570,C,0.297556585
2017-02-22,C  Z7.Z7,570,P,0.280309065
2017-02-22,C  Z7.Z7,580,C,0.301375132
2017-02-22,C  Z7.Z7,580,P,0.282897628
2017-02-22,C  Z7.Z7,590,C,0.304397867
2017-02-22,C  Z7.Z7,590,P,0.281725011
2017-02-22,C  Z7.Z7,600,C,0.306572652
2017-02-22,C  Z7.Z7,600,P,0.284894355
2017-02-22,C  Z7.Z7,610,C,0.310479389
2017-02-22,C  Z7.Z7,610,P,0.283970881
2017-02-22,C  Z7.Z7,620,C,0.313769981
2017-02-22,C  Z7.Z7,620,P,0.285155902
2017-02-22,C  Z7.Z7,630,C,0.31641134
2017-02-22,C  Z7.Z7,630,P,0.285265443
2017-02-22,C  Z7.Z7,640,C,0.321516657
2017-02-22,C  Z7.Z7,640,P,0.288624944
2017-02-22,C  Z7.Z7,700,C,0.340144054
2017-02-22,C  Z7.Z7,700,P,0.285852472
2017-02-22,C  Z7.Z7,800,C,0.373949707
2017-02-22,C  Z7.Z7,800,P,0.292552553
2017-02-23,C  Z7.Z7,180,C,0.348298803
2017-02-23,C  Z7.Z7,180,P,0.348298803
2017-02-23,C  Z7.Z7,190,C,0.32564435
2017-02-23,C  Z7.Z7,190,P,0.32564435
2017-02-23,C  Z7.Z7,200,C,0.304128999
2017-02-23,C  Z7.Z7,200,P,0.304128999
2017-02-23,C  Z7.Z7,210,C,0.28363257
2017-02-23,C  Z7.Z7,210,P,0.30801971
2017-02-23,C  Z7.Z7,220,C,0.26405206
2017-02-23,C  Z7.Z7,220,P,0.286975341
2017-02-23,C  Z7.Z7,230,C,0.245294127
2017-02-23,C  Z7.Z7,230,P,0.266813058
2017-02-23,C  Z7.Z7,240,C,0.227281799
2017-02-23,C  Z7.Z7,240,P,0.247447933
2017-02-23,C  Z7.Z7,250,C,0.209945445
2017-02-23,C  Z7.Z7,250,P,0.241926496
2017-02-23,C  Z7.Z7,260,C,0.193218596
2017-02-23,C  Z7.Z7,260,P,0.232879477
2017-02-23,C  Z7.Z7,270,C,0.193404018
2017-02-23,C  Z7.Z7,270,P,0.228671612
2017-02-23,C  Z7.Z7,280,C,0.202920061
2017-02-23,C  Z7.Z7,280,P,0.225465427
2017-02-23,C  Z7.Z7,290,C,0.205548096
2017-02-23,C  Z7.Z7,290,P,0.221689689
2017-02-23,C  Z7.Z7,300,C,0.204477001
2017-02-23,C  Z7.Z7,300,P,0.216818551
2017-02-23,C  Z7.Z7,310,C,0.208310491
2017-02-23,C  Z7.Z7,310,P,0.217629993
2017-02-23,C  Z7.Z7,320,C,0.211046415
2017-02-23,C  Z7.Z7,320,P,0.218457393
2017-02-23,C  Z7.Z7,330,C,0.21553722
2017-02-23,C  Z7.Z7,330,P,0.22011752
2017-02-23,C  Z7.Z7,340,C,0.219137656
2017-02-23,C  Z7.Z7,340,P,0.223063324
2017-02-23,C  Z7.Z7,350,C,0.223058959
2017-02-23,C  Z7.Z7,350,P,0.225381054
2017-02-23,C  Z7.Z7,360,C,0.227110528
2017-02-23,C  Z7.Z7,360,P,0.229231129
2017-02-23,C  Z7.Z7,370,C,0.23132462
2017-02-23,C  Z7.Z7,370,P,0.232318704
2017-02-23,C  Z7.Z7,380,C,0.233948511
2017-02-23,C  Z7.Z7,380,P,0.234901298
2017-02-23,C  Z7.Z7,390,C,0.238141062
2017-02-23,C  Z7.Z7,390,P,0.238141062
2017-02-23,C  Z7.Z7,400,C,0.241327713
2017-02-23,C  Z7.Z7,400,P,0.241327713
2017-02-23,C  Z7.Z7,410,C,0.243827387
2017-02-23,C  Z7.Z7,410,P,0.242898603
2017-02-23,C  Z7.Z7,420,C,0.246865595
2017-02-23,C  Z7.Z7,420,P,0.244973923
2017-02-23,C  Z7.Z7,430,C,0.249820747
2017-02-23,C  Z7.Z7,430,P,0.247874813
2017-02-23,C  Z7.Z7,440,C,0.252006834
2017-02-23,C  Z7.Z7,440,P,0.248973531
2017-02-23,C  Z7.Z7,450,C,0.254698915
2017-02-23,C  Z7.Z7,450,P,0.251524514
2017-02-23,C  Z7.Z7,460,C,0.258286716
2017-02-23,C  Z7.Z7,460,P,0.253831077
2017-02-23,C  Z7.Z7,470,C,0.260888557
2017-02-23,C  Z7.Z7,470,P,0.256167468
2017-02-23,C  Z7.Z7,480,C,0.263867684
2017-02-23,C  Z7.Z7,480,P,0.257579185
2017-02-23,C  Z7.Z7,490,C,0.267584025
2017-02-23,C  Z7.Z7,490,P,0.260884839
2017-02-23,C  Z7.Z7,500,C,0.271038641
2017-02-23,C  Z7.Z7,500,P,0.262421331
2017-02-23,C  Z7.Z7,510,C,0.274429555
2017-02-23,C  Z7.Z7,510,P,0.26518931
2017-02-23,C  Z7.Z7,520,C,0.277971427
2017-02-23,C  Z7.Z7,520,P,0.268056381
2017-02-23,C  Z7.Z7,530,C,0.281910523
2017-02-23,C  Z7.Z7,530,P,0.26944757
2017-02-23,C  Z7.Z7,540,C,0.284684095
2017-02-23,C  Z7.Z7,540,P,0.271206776
2017-02-23,C  Z7.Z7,550,C,0.288192032
2017-02-23,C  Z7.Z7,550,P,0.273673779
2017-02-23,C  Z7.Z7,560,C,0.292766786
2017-02-23,C  Z7.Z7,560,P,0.274874584
2017-02-23,C  Z7.Z7,570,C,0.296523392
2017-02-23,C  Z7.Z7,570,P,0.277262976
2017-02-23,C  Z7.Z7,580,C,0.299422705
2017-02-23,C  Z7.Z7,580,P,0.278526915
2017-02-23,C  Z7.Z7,590,C,0.303970852
2017-02-23,C  Z7.Z7,590,P,0.281644774
2017-02-23,C  Z7.Z7,600,C,0.307892737
2017-02-23,C  Z7.Z7,600,P,0.280476479
2017-02-23,C  Z7.Z7,610,C,0.31116519
2017-02-23,C  Z7.Z7,610,P,0.281443754
2017-02-23,C  Z7.Z7,620,C,0.313748254
2017-02-23,C  Z7.Z7,620,P,0.28122115
2017-02-23,C  Z7.Z7,630,C,0.315591397
2017-02-23,C  Z7.Z7,630,P,0.279532329
2017-02-23,C  Z7.Z7,640,C,0.320168038
2017-02-23,C  Z7.Z7,640,P,0.281639198
2017-02-23,C  Z7.Z7,700,C,0.33881424
2017-02-23,C  Z7.Z7,700,P,0.268941312
2017-02-23,C  Z7.Z7,800,C,0.366604347
2017-02-23,C  Z7.Z7,800,P,0.298555483
2017-02-26,C  Z7.Z7,180,C,0.3494872
2017-02-26,C  Z7.Z7,180,P,0.3494872
2017-02-26,C  Z7.Z7,190,C,0.326703958
2017-02-26,C  Z7.Z7,190,P,0.326703958
2017-02-26,C  Z7.Z7,200,C,0.305063846
2017-02-26,C  Z7.Z7,200,P,0.305063846
2017-02-26,C  Z7.Z7,210,C,0.284448977
2017-02-26,C  Z7.Z7,210,P,0.30892408
2017-02-26,C  Z7.Z7,220,C,0.26475336
2017-02-26,C  Z7.Z7,220,P,0.287757056
2017-02-26,C  Z7.Z7,230,C,0.245887598
2017-02-26,C  Z7.Z7,230,P,0.2674767
2017-02-26,C  Z7.Z7,240,C,0.227769653
2017-02-26,C  Z7.Z7,240,P,0.262051804
2017-02-26,C  Z7.Z7,250,C,0.210331253
2017-02-26,C  Z7.Z7,250,P,0.242404348
2017-02-26,C  Z7.Z7,260,C,0.193505181
2017-02-26,C  Z7.Z7,260,P,0.233271824
2017-02-26,C  Z7.Z7,270,C,0.193630708
2017-02-26,C  Z7.Z7,270,P,0.228988437
2017-02-26,C  Z7.Z7,280,C,0.203101915
2017-02-26,C  Z7.Z7,280,P,0.225704033
2017-02-26,C  Z7.Z7,290,C,0.205660963
2017-02-26,C  Z7.Z7,290,P,0.221842301
2017-02-26,C  Z7.Z7,300,C,0.207746052
2017-02-26,C  Z7.Z7,300,P,0.219749122
2017-02-26,C  Z7.Z7,310,C,0.208252679
2017-02-26,C  Z7.Z7,310,P,0.21759472
2017-02-26,C  Z7.Z7,320,C,0.212776594
2017-02-26,C  Z7.Z7,320,P,0.220132714
2017-02-26,C  Z7.Z7,330,C,0.216815812
2017-02-26,C  Z7.Z7,330,P,0.221383614
2017-02-26,C  Z7.Z7,340,C,0.220072195
2017-02-26,C  Z7.Z7,340,P,0.223997037
2017-02-26,C  Z7.Z7,350,C,0.22487251
2017-02-26,C  Z7.Z7,350,P,0.227194573
2017-02-26,C  Z7.Z7,360,C,0.227509959
2017-02-26,C  Z7.Z7,360,P,0.229636899
2017-02-26,C  Z7.Z7,370,C,0.23149275
2017-02-26,C  Z7.Z7,370,P,0.232490925
2017-02-26,C  Z7.Z7,380,C,0.23484238
2017-02-26,C  Z7.Z7,380,P,0.235800046
2017-02-26,C  Z7.Z7,390,C,0.238788104
2017-02-26,C  Z7.Z7,390,P,0.238788104
2017-02-26,C  Z7.Z7,400,C,0.241730254
2017-02-26,C  Z7.Z7,400,P,0.240800219
2017-02-26,C  Z7.Z7,410,C,0.244917249
2017-02-26,C  Z7.Z7,410,P,0.243980528
2017-02-26,C  Z7.Z7,420,C,0.248676894
2017-02-26,C  Z7.Z7,420,P,0.246767606
2017-02-26,C  Z7.Z7,430,C,0.251427508
2017-02-26,C  Z7.Z7,430,P,0.249461663
2017-02-26,C  Z7.Z7,440,C,0.254425972
2017-02-26,C  Z7.Z7,440,P,0.25136193
2017-02-26,C  Z7.Z7,450,C,0.258030138
2017-02-26,C  Z7.Z7,450,P,0.254825993
2017-02-26,C  Z7.Z7,460,C,0.260414543
2017-02-26,C  Z7.Z7,460,P,0.255908006
2017-02-26,C  Z7.Z7,470,C,0.264058249
2017-02-26,C  Z7.Z7,470,P,0.259293941
2017-02-26,C  Z7.Z7,480,C,0.266973697
2017-02-26,C  Z7.Z7,480,P,0.260627552
2017-02-26,C  Z7.Z7,490,C,0.270641568
2017-02-26,C  Z7.Z7,490,P,0.263881956
2017-02-26,C  Z7.Z7,500,C,0.274054236
2017-02-26,C  Z7.Z7,500,P,0.265359052
2017-02-26,C  Z7.Z7,510,C,0.27740928
2017-02-26,C  Z7.Z7,510,P,0.268086156
2017-02-26,C  Z7.Z7,520,C,0.280922036
2017-02-26,C  Z7.Z7,520,P,0.270918242
2017-02-26,C  Z7.Z7,530,C,0.283097339
2017-02-26,C  Z7.Z7,530,P,0.270391962
2017-02-26,C  Z7.Z7,540,C,0.287587391
2017-02-26,C  Z7.Z7,540,P,0.273990864
2017-02-26,C  Z7.Z7,550,C,0.291080331
2017-02-26,C  Z7.Z7,550,P,0.276433011
2017-02-26,C  Z7.Z7,560,C,0.293516666
2017-02-26,C  Z7.Z7,560,P,0.275160059
2017-02-26,C  Z7.Z7,570,C,0.297121184
2017-02-26,C  Z7.Z7,570,P,0.277310153
2017-02-26,C  Z7.Z7,580,C,0.299839855
2017-02-26,C  Z7.Z7,580,P,0.278276835
2017-02-26,C  Z7.Z7,590,C,0.304245986
2017-02-26,C  Z7.Z7,590,P,0.281144413
2017-02-26,C  Z7.Z7,600,C,0.308004495
2017-02-26,C  Z7.Z7,600,P,0.2831084
2017-02-26,C  Z7.Z7,610,C,0.311087612
2017-02-26,C  Z7.Z7,610,P,0.280051265
2017-02-26,C  Z7.Z7,620,C,0.313448173
2017-02-26,C  Z7.Z7,620,P,0.279274212
2017-02-26,C  Z7.Z7,630,C,0.315025066
2017-02-26,C  Z7.Z7,630,P,0.276819632
2017-02-26,C  Z7.Z7,640,C,0.319440865
2017-02-26,C  Z7.Z7,640,P,0.278386983
2017-02-26,C  Z7.Z7,700,C,0.341684148
2017-02-26,C  Z7.Z7,700,P,0.271246843
2017-02-26,C  Z7.Z7,800,C,0.377357373
2017-02-26,C  Z7.Z7,800,P,0.300959828
2017-02-27,C  Z7.Z7,180,C,0.34791865
2017-02-27,C  Z7.Z7,180,P,0.34791865
2017-02-27,C  Z7.Z7,190,C,0.325076778
2017-02-27,C  Z7.Z7,190,P,0.325076778
2017-02-27,C  Z7.Z7,200,C,0.303381935
2017-02-27,C  Z7.Z7,200,P,0.303381935
2017-02-27,C  Z7.Z7,210,C,0.282712771
2017-02-27,C  Z7.Z7,210,P,0.282712771
2017-02-27,C  Z7.Z7,220,C,0.262964434
2017-02-27,C  Z7.Z7,220,P,0.285866201
2017-02-27,C  Z7.Z7,230,C,0.244045624
2017-02-27,C  Z7.Z7,230,P,0.265527448
2017-02-27,C  Z7.Z7,240,C,0.22587567
2017-02-27,C  Z7.Z7,240,P,0.259971457
2017-02-27,C  Z7.Z7,250,C,0.208385026
2017-02-27,C  Z7.Z7,250,P,0.240260149
2017-02-27,C  Z7.Z7,260,C,0.191507015
2017-02-27,C  Z7.Z7,260,P,0.239325624
2017-02-27,C  Z7.Z7,270,C,0.202818602
2017-02-27,C  Z7.Z7,270,P,0.232757259
2017-02-27,C  Z7.Z7,280,C,0.200641511
2017-02-27,C  Z7.Z7,280,P,0.223080244
2017-02-27,C  Z7.Z7,290,C,0.207279357
2017-02-27,C  Z7.Z7,290,P,0.222597543
2017-02-27,C  Z7.Z7,300,C,0.210893559
2017-02-27,C  Z7.Z7,300,P,0.222179991
2017-02-27,C  Z7.Z7,310,C,0.211995642
2017-02-27,C  Z7.Z7,310,P,0.220827893
2017-02-27,C  Z7.Z7,320,C,0.216454425
2017-02-27,C  Z7.Z7,320,P,0.221759482
2017-02-27,C  Z7.Z7,330,C,0.218836224
2017-02-27,C  Z7.Z7,330,P,0.223279527
2017-02-27,C  Z7.Z7,340,C,0.222120432
2017-02-27,C  Z7.Z7,340,P,0.22596652
2017-02-27,C  Z7.Z7,350,C,0.225725255
2017-02-27,C  Z7.Z7,350,P,0.228019159
2017-02-27,C  Z7.Z7,360,C,0.229489519
2017-02-27,C  Z7.Z7,360,P,0.231599344
2017-02-27,C  Z7.Z7,370,C,0.23345795
2017-02-27,C  Z7.Z7,370,P,0.234452974
2017-02-27,C  Z7.Z7,380,C,0.237791209
2017-02-27,C  Z7.Z7,380,P,0.237791209
2017-02-27,C  Z7.Z7,390,C,0.240853831
2017-02-27,C  Z7.Z7,390,P,0.240853831
2017-02-27,C  Z7.Z7,400,C,0.244863338
2017-02-27,C  Z7.Z7,400,P,0.243925725
2017-02-27,C  Z7.Z7,410,C,0.248256572
2017-02-27,C  Z7.Z7,410,P,0.247309796
2017-02-27,C  Z7.Z7,420,C,0.251352848
2017-02-27,C  Z7.Z7,420,P,0.249418457
2017-02-27,C  Z7.Z7,430,C,0.254465769
2017-02-27,C  Z7.Z7,430,P,0.252470616
2017-02-27,C  Z7.Z7,440,C,0.257932534
2017-02-27,C  Z7.Z7,440,P,0.254819691
2017-02-27,C  Z7.Z7,450,C,0.26104884
2017-02-27,C  Z7.Z7,450,P,0.257788818
2017-02-27,C  Z7.Z7,460,C,0.264088174
2017-02-27,C  Z7.Z7,460,P,0.259502898
2017-02-27,C  Z7.Z7,470,C,0.267345605
2017-02-27,C  Z7.Z7,470,P,0.26249114
2017-02-27,C  Z7.Z7,480,C,0.271156018
2017-02-27,C  Z7.Z7,480,P,0.264704789
2017-02-27,C  Z7.Z7,490,C,0.273184782
2017-02-27,C  Z7.Z7,490,P,0.266272334
2017-02-27,C  Z7.Z7,500,C,0.276239341
2017-02-27,C  Z7.Z7,500,P,0.267326462
2017-02-27,C  Z7.Z7,510,C,0.279234894
2017-02-27,C  Z7.Z7,510,P,0.269656058
2017-02-27,C  Z7.Z7,520,C,0.280711984
2017-02-27,C  Z7.Z7,520,P,0.270310731
2017-02-27,C  Z7.Z7,530,C,0.284166039
2017-02-27,C  Z7.Z7,530,P,0.271022117
2017-02-27,C  Z7.Z7,540,C,0.286381067
2017-02-27,C  Z7.Z7,540,P,0.272080404
2017-02-27,C  Z7.Z7,550,C,0.289354691
2017-02-27,C  Z7.Z7,550,P,0.273847839
2017-02-27,C  Z7.Z7,560,C,0.293448489
2017-02-27,C  Z7.Z7,560,P,0.27677063
2017-02-27,C  Z7.Z7,570,C,0.29665904
2017-02-27,C  Z7.Z7,570,P,0.275763495
2017-02-27,C  Z7.Z7,580,C,0.298928262
2017-02-27,C  Z7.Z7,580,P,0.276016137
2017-02-27,C  Z7.Z7,590,C,0.302958551
2017-02-27,C  Z7.Z7,590,P,0.278257285
2017-02-27,C  Z7.Z7,600,C,0.306298807
2017-02-27,C  Z7.Z7,600,P,0.279465154
2017-02-27,C  Z7.Z7,610,C,0.308904288
2017-02-27,C  Z7.Z7,610,P,0.279468227
2017-02-27,C  Z7.Z7,620,C,0.314100971
2017-02-27,C  Z7.Z7,620,P,0.282849117
2017-02-27,C  Z7.Z7,630,C,0.318891773
2017-02-27,C  Z7.Z7,630,P,0.280289608
2017-02-27,C  Z7.Z7,640,C,0.323273009
2017-02-27,C  Z7.Z7,640,P,0.281799557
2017-02-27,C  Z7.Z7,700,C,0.345332314
2017-02-27,C  Z7.Z7,700,P,0.274224575
2017-02-27,C  Z7.Z7,800,C,0.372954704
2017-02-27,C  Z7.Z7,800,P,0.303796378
